order_id,order_date,region,store_name,product_category,product_name,quantity,unit_price_ngn,total_sales_ngn,customer_segment
BM-11480,01/01/2025,Lagos,Bloom Mart Lekki,Fashion & Apparel,Unisex Cap,3,3100,9300,Corporate
BM-10834,01/01/2025,Lagos,Bloom Mart Ikeja,Home & Kitchen,Storage Container Set,2,6179,12358,Corporate
BM-10216,01/01/2025,Lagos,Bloom Mart Lekki,Grocery,Spaghetti Carton,1,10973,10973,Wholesale
BM-11396,01/01/2025,Lagos,Bloom Mart Surulere,Electronics,Bluetooth Earphones,1,10514,10514,Corporate
BM-12038,01/01/2025,Abuja,Bloom Mart Wuse,Grocery,Spaghetti Carton,1,11142,11142,Retail
BM-11811,02/01/2025,Abuja,Bloom Mart Garki,Grocery,Tomato Paste (12pk),1,7626,7626,Retail
BM-10787,02/01/2025,Lagos,Bloom Mart Ikeja,Home & Kitchen,Blender 1.5L,1,16018,16018,Corporate
BM-12029,02/01/2025,Abuja,Bloom Mart Wuse,Grocery,Vegetable Oil 4L,1,8467,8467,Wholesale
BM-10832,02/01/2025,Lagos,Bloom Mart Ikeja,Home & Kitchen,Non-stick Frying Pan,1,9077,9077,Retail
BM-12046,03/01/2025,Port Harcourt,Bloom Mart Rumuola,Grocery,Rice 5kg Bag,2,5980,11960,Retail
BM-11165,04/01/2025,Ibadan,Bloom Mart Bodija,Fashion & Apparel,Men's Polo Shirt,1,7528,7528,Corporate
BM-10963,04/01/2025,Abuja,Bloom Mart Garki,Toys & Games,Puzzle Game,1,3909,3909,Corporate
BM-12108,04/01/2025,Lagos,Bloom Mart Ikeja,Grocery,Vegetable Oil 4L,1,8849,8849,Corporate
BM-10379,05/01/2025,Lagos,Bloom Mart Lekki,Electronics,Extension Socket,2,6333,12666,Retail
BM-11446,05/01/2025,Lagos,Bloom Mart Ikeja,Home & Kitchen,Blender 1.5L,1,16042,16042,Retail
BM-11761,05/01/2025,Abuja,Bloom Mart Wuse,Grocery,Rice 5kg Bag,2,6501,13002,Retail
BM-11682,05/01/2025,Ibadan,Bloom Mart Ring Road,Electronics,Power Bank 10000mAh,1,15573,15573,Corporate
BM-10318,05/01/2025,Port Harcourt,Bloom Mart GRA,Fashion & Apparel,Unisex Cap,1,2988,2988,Corporate
BM-10297,05/01/2025,Lagos,Bloom Mart Ikeja,Fashion & Apparel,Men's Polo Shirt,1,6959,6959,Retail
BM-11573,05/01/2025,Lagos,Bloom Mart Ikeja,Electronics,Power Bank 10000mAh,2,14743,29486,Retail
BM-10392,05/01/2025,Lagos,Bloom Mart Ikeja,Grocery,Rice 5kg Bag,2,6377,12754,Corporate
BM-10242,06/01/2025,Port Harcourt,Bloom Mart GRA,Health & Beauty,Hair Cream,4,3847,15388,Retail
BM-10573,06/01/2025,Abuja,Bloom Mart Wuse,Fashion & Apparel,Unisex Cap,2,3065,6130,Retail
BM-10523,06/01/2025,Abuja,Bloom Mart Garki,Fashion & Apparel,Ankara Fabric (6yds),1,17521,17521,Retail
BM-11683,06/01/2025,Port Harcourt,Bloom Mart Rumuola,Grocery,Rice 5kg Bag,1,6632,6632,Retail
BM-11808,06/01/2025,Lagos,Bloom Mart Surulere,Home & Kitchen,Non-stick Frying Pan,1,8708,8708,Corporate
BM-11731,06/01/2025,Abuja,Bloom Mart Wuse,Home & Kitchen,Storage Container Set,1,6271,6271,Corporate
BM-10906,07/01/2025,Lagos,Bloom Mart Surulere,Electronics,Phone Charger Cable,2,2427,4854,Corporate
BM-10514,07/01/2025,Lagos,Bloom Mart Ikeja,Fashion & Apparel,Ladies Sandals,1,9182,9182,Corporate
BM-11062,07/01/2025,Lagos,Bloom Mart Surulere,Office Supplies,Ballpoint Pens (10pk),1,1447,1447,Retail
BM-11326,07/01/2025,Lagos,Bloom Mart Surulere,Health & Beauty,Hair Cream,3,3806,11418,Retail
BM-11271,07/01/2025,Ibadan,Bloom Mart Bodija,Home & Kitchen,Cutlery Set (24pc),1,11454,11454,Retail
BM-10450,08/01/2025,Lagos,Bloom Mart Ikeja,Grocery,Tomato Paste (12pk),2,7715,15430,Wholesale
BM-11956,08/01/2025,Lagos,Bloom Mart Ikeja,Fashion & Apparel,Men's Polo Shirt,2,7542,15084,Retail
BM-11134,08/01/2025,Lagos,Bloom Mart Ikeja,Fashion & Apparel,Men's Polo Shirt,2,7263,14526,Retail
BM-12120,08/01/2025,Port Harcourt,Bloom Mart Rumuola,Home & Kitchen,Blender 1.5L,2,15608,31216,Retail
BM-11155,08/01/2025,Lagos,Bloom Mart Surulere,Electronics,Extension Socket,1,6109,6109,Wholesale
BM-11866,08/01/2025,Ibadan,Bloom Mart Bodija,Home & Kitchen,Storage Container Set,1,6702,6702,Wholesale
BM-11654,09/01/2025,Lagos,Bloom Mart Ikeja,Home & Kitchen,Storage Container Set,3,6395,19185,Corporate
BM-10009,09/01/2025,Lagos,Bloom Mart Lekki,Grocery,Tomato Paste (12pk),1,6990,6990,Retail
BM-10896,09/01/2025,Abuja,Bloom Mart Wuse,Grocery,Spaghetti Carton,1,11588,11588,Retail
BM-10158,09/01/2025,Port Harcourt,Bloom Mart GRA,Fashion & Apparel,Ladies Sandals,2,9226,18452,Wholesale
BM-11897,09/01/2025,Port Harcourt,Bloom Mart GRA,Home & Kitchen,Non-stick Frying Pan,2,9102,18204,Corporate
BM-11053,09/01/2025,Ibadan,Bloom Mart Bodija,Health & Beauty,Body Lotion 400ml,1,4083,4083,Wholesale
BM-10764,09/01/2025,Lagos,Bloom Mart Surulere,Electronics,Bluetooth Earphones,1,10645,10645,Retail
BM-11035,10/01/2025,Lagos,Bloom Mart Surulere,Home & Kitchen,Non-stick Frying Pan,2,8118,16236,Retail
BM-10377,10/01/2025,Lagos,Bloom Mart Lekki,Grocery,Vegetable Oil 4L,1,8903,8903,Wholesale
BM-12032,10/01/2025,Lagos,Bloom Mart Surulere,Electronics,Bluetooth Earphones,2,11104,22208,Retail
BM-10139,10/01/2025,Ibadan,Bloom Mart Bodija,Fashion & Apparel,Ankara Fabric (6yds),1,17708,17708,Retail
BM-11321,10/01/2025,Ibadan,Bloom Mart Bodija,Grocery,Spaghetti Carton,1,10997,10997,Retail
BM-10251,10/01/2025,Lagos,Bloom Mart Lekki,Grocery,Spaghetti Carton,1,12313,12313,Corporate
BM-10776,10/01/2025,Lagos,Bloom Mart Ikeja,Home & Kitchen,Blender 1.5L,2,16724,33448,Retail
BM-11223,10/01/2025,Lagos,Bloom Mart Ikeja,Fashion & Apparel,Ladies Sandals,2,9904,19808,Corporate
BM-10113,11/01/2025,Lagos,Bloom Mart Surulere,Health & Beauty,Body Lotion 400ml,1,4322,4322,Retail
BM-10723,11/01/2025,Lagos,Bloom Mart Ikeja,Home & Kitchen,Electric Kettle,2,10023,20046,Retail
BM-10942,11/01/2025,Lagos,Bloom Mart Lekki,Grocery,Rice 5kg Bag,1,6179,6179,Retail
BM-11097,11/01/2025,Abuja,Bloom Mart Garki,Electronics,Bluetooth Earphones,1,11123,11123,Retail
BM-10330,11/01/2025,Lagos,Bloom Mart Lekki,electronics ,Phone Charger Cable,3,2516,7548,Retail
BM-11668,12/01/2025,Abuja,Bloom Mart Garki,Grocery,Rice 5kg Bag,1,6635,6635,Retail
BM-10238,12/01/2025,Lagos,Bloom Mart Lekki,Electronics,Power Bank 10000mAh,1,13979,13979,Wholesale
BM-10641,12/01/2025,Port Harcourt,Bloom Mart Rumuola,Grocery,Spaghetti Carton,2,11307,22614,Wholesale
BM-10591,12/01/2025,Lagos,Bloom Mart Lekki,Fashion & Apparel,Unisex Cap,2,2973,5946,Retail
BM-10506,12/01/2025,Lagos,Bloom Mart Surulere,Office Supplies,Notebook Pack,2,3439,6878,Retail
BM-11843,12/01/2025,Abuja,Bloom Mart Garki,Grocery,Sugar 2kg,1,2538,2538,Corporate
BM-11848,13/01/2025,Lagos,Bloom Mart Surulere,Home & Kitchen,Non-stick Frying Pan,2,8826,17652,Wholesale
BM-10195,13/01/2025,Lagos,Bloom Mart Ikeja,Fashion & Apparel,Ladies Sandals,3,9285,27855,Wholesale
BM-11779,13/01/2025,Port Harcourt,Bloom Mart Rumuola,Home & Kitchen,Electric Kettle,1,9570,9570,Corporate
BM-11034,13/01/2025,Lagos,Bloom Mart Lekki,Grocery,Spaghetti Carton,2,12101,24202,Retail
BM-10726,13/01/2025,Lagos,Bloom Mart Ikeja,Home & Kitchen,Storage Container Set,1,6851,6851,Retail
BM-11538,13/01/2025,Ibadan,Bloom Mart Ring Road,Grocery,Sugar 2kg,2,2520,5040,Retail
BM-11517,13/01/2025,Abuja,Bloom Mart Wuse,Home & Kitchen,Cutlery Set (24pc),2,12886,25772,Retail
BM-10195,13/01/2025,Lagos,Bloom Mart Ikeja,Fashion & Apparel,Ladies Sandals,3,9285,27855,Wholesale
BM-11946,14/01/2025,Lagos,Bloom Mart Ikeja,Home & Kitchen,Storage Container Set,1,6934,6934,Corporate
BM-11635,14/01/2025,Lagos,Bloom Mart Ikeja,Fashion & Apparel,Ankara Fabric (6yds),2,17312,34624,Corporate
BM-11814,14/01/2025,Port Harcourt,Bloom Mart Rumuola,Health & Beauty,Toothpaste (3pk),2,2070,4140,Retail
BM-12040,15/01/2025,Port Harcourt,Bloom Mart GRA,Home & Kitchen,Cutlery Set (24pc),3,11471,34413,Wholesale
BM-10438,15/01/2025,Lagos,Bloom Mart Surulere,Home & Kitchen,Electric Kettle,1,9953,9953,Retail
BM-10083,15/01/2025,Lagos,Bloom Mart Ikeja,Home & Kitchen,Storage Container Set,1,6611,6611,Retail
BM-10613,15/01/2025,Lagos,Bloom Mart Ikeja,Health & Beauty,Hair Cream,1,3888,3888,Wholesale
BM-10915,15/01/2025,Abuja,Bloom Mart Garki,Grocery,Vegetable Oil 4L,1,9353,9353,Wholesale
BM-10507,16/01/2025,Lagos,Bloom Mart Surulere,Health & Beauty,Toothpaste (3pk),1,2186,2186,Retail
BM-10715,16/01/2025,Lagos,Bloom Mart Lekki,Office Supplies,Notebook Pack,2,3085,6170,Retail
BM-10704,16/01/2025,ABUJA,Bloom Mart Wuse,Home & Kitchen,Electric Kettle,4,9129,36516,Corporate
BM-10740,17/01/2025,ABUJA,Bloom Mart Garki,Grocery,Tomato Paste (12pk),5,7270,36350,Retail
BM-11159,17/01/2025,Lagos,Bloom Mart Surulere,Fashion & Apparel,Unisex Cap,1,2961,2961,Retail
BM-11206,17/01/2025,Port Harcourt,Bloom Mart GRA,Electronics,Bluetooth Earphones,2,11147,22294,Retail
BM-11783,17/01/2025,Port Harcourt,Bloom Mart Rumuola,Electronics,Bluetooth Earphones,4,11809,47236,Retail
BM-10439,18/01/2025,Lagos,Bloom Mart Lekki,Electronics,Phone Charger Cable,1,2454,2454,Corporate
BM-10073,18/01/2025,Lagos,Bloom Mart Surulere,Grocery,Tomato Paste (12pk),2,7564,15128,Wholesale
BM-11160,18/01/2025,Abuja,Bloom Mart Wuse,Grocery,Rice 5kg Bag,2,6070,12140,Wholesale
BM-10087,18/01/2025,Lagos,Bloom Mart Lekki,Health & Beauty,Body Lotion 400ml,1,4092,4092,Retail
BM-10237,18/01/2025,Ibadan,Bloom Mart Bodija,Home & Kitchen,Blender 1.5L,1,15559,15559,Retail
BM-11662,18/01/2025,Abuja,Bloom Mart Wuse,Health & Beauty,Shea Butter Soap Pack,1,3703,3703,Corporate
BM-11357,19/01/2025,Lagos,Bloom Mart Surulere,Home & Kitchen,Cutlery Set (24pc),2,11799,23598,Wholesale
BM-11595,19/01/2025,Ibadan,Bloom Mart Ring Road,Electronics,Power Bank 10000mAh,1,14630,14630,Retail
BM-11357,19/01/2025,Lagos,Bloom Mart Surulere,Home & Kitchen,Cutlery Set (24pc),2,11799,23598,Wholesale
BM-10404,20/01/2025,Abuja,Bloom Mart Garki,Home & Kitchen,Cutlery Set (24pc),1,12627,12627,Wholesale
BM-11429,20/01/2025,Port Harcourt,Bloom Mart GRA,Grocery,Spaghetti Carton,1,11496,11496,Wholesale
BM-11345,21/01/2025,Ibadan,Bloom Mart Bodija,Office Supplies,A4 Paper Ream,1,4821,4821,Retail
BM-12050,21/01/2025,Port Harcourt,Bloom Mart Rumuola,Fashion & Apparel,Unisex Cap,1,3162,3162,Wholesale
BM-11771,21/01/2025,Port Harcourt,Bloom Mart Rumuola,Grocery,Tomato Paste (12pk),1,7609,7609,Retail
BM-11685,21/01/2025,Lagos,Bloom Mart Lekki,Grocery,Sugar 2kg,1,2581,2581,Retail
BM-11161,21/01/2025,Ibadan,Bloom Mart Bodija,Grocery,Tomato Paste (12pk),1,7197,7197,Retail
BM-10434,21/01/2025,Port Harcourt,Bloom Mart Rumuola,Health & Beauty,Shea Butter Soap Pack,1,3634,3634,Corporate
BM-10008,22/01/2025,Lagos,Bloom Mart Surulere,Electronics,LED Desk Lamp,2,7668,15336,Wholesale
BM-10376,22/01/2025,Lagos,Bloom Mart Ikeja,Grocery,Rice 5kg Bag,1,6005,6005,Corporate
BM-11998,22/01/2025,Lagos,Bloom Mart Ikeja,Toys & Games,Building Blocks Set,1,6877,6877,Wholesale
BM-12116,22/01/2025,Abuja,Bloom Mart Wuse,Fashion & Apparel,Ladies Sandals,2,9518,19036,Corporate
BM-10266,22/01/2025,Ibadan,Bloom Mart Bodija,Grocery,Spaghetti Carton,1,11610,11610,Corporate
BM-11579,23/01/2025,Lagos,Bloom Mart Ikeja,Home & Kitchen,Storage Container Set,2,6874,13748,Corporate
BM-10352,23/01/2025,Lagos,Bloom Mart Lekki,Home & Kitchen,Blender 1.5L,2,16318,32636,Wholesale
BM-10802,23/01/2025,Lagos,Bloom Mart Ikeja,Home & Kitchen,Blender 1.5L,1,15955,15955,Retail
BM-11292,23/01/2025,Lagos,Bloom Mart Surulere,Electronics,Phone Charger Cable,2,2525,5050,Corporate
BM-10440,23/01/2025,Ibadan,Bloom Mart Ring Road,Electronics,Power Bank 10000mAh,2,14602,29204,Wholesale
BM-10684,24/01/2025,Ibadan,Bloom Mart Bodija,Health & Beauty,Toothpaste (3pk),2,2235,4470,Corporate
BM-10358,24/01/2025,Ibadan,Bloom Mart Bodija,Home & Kitchen,Non-stick Frying Pan,1,8855,8855,Corporate
BM-11619,24/01/2025,Abuja,Bloom Mart Garki,Home & Kitchen,Non-stick Frying Pan,1,8873,8873,Retail
BM-10914,24/01/2025,Lagos,Bloom Mart Lekki,Electronics,Extension Socket,1,6339,6339,Wholesale
BM-10224,24/01/2025,Lagos,Bloom Mart Surulere,Fashion & Apparel,Unisex Cap,1,3181,3181,Retail
BM-11577,25/01/2025,Lagos,Bloom Mart Surulere,Electronics,Extension Socket,1,6055,6055,Retail
BM-10262,25/01/2025,Ibadan,Bloom Mart Ring Road,Grocery,Rice 5kg Bag,1,6418,6418,Retail
BM-10272,25/01/2025,Lagos,Bloom Mart Surulere,Home & Kitchen,Blender 1.5L,1,16711,16711,Retail
BM-11372,25/01/2025,Ibadan,Bloom Mart Ring Road,Home & Kitchen,Non-stick Frying Pan,1,8688,8688,Wholesale
BM-10687,25/01/2025,Ibadan,Bloom Mart Ring Road,Office Supplies,Ballpoint Pens (10pk),1,1613,1613,Corporate
BM-10827,25/01/2025,Abuja,Bloom Mart Garki,Grocery,Sugar 2kg,1,2655,2655,Retail
BM-11949,25/01/2025,Lagos,Bloom Mart Lekki,Toys & Games,Puzzle Game,1,3882,3882,Wholesale
BM-10258,25/01/2025,Ibadan,Bloom Mart Bodija,Electronics,Bluetooth Earphones,3,10619,31857,Wholesale
BM-10312,26/01/2025,Port Harcourt,Bloom Mart Rumuola,Fashion & Apparel,Ankara Fabric (6yds),1,18146,18146,
BM-10372,26/01/2025,Lagos,Bloom Mart Ikeja,Health & Beauty,Shea Butter Soap Pack,4,3771,15084,Retail
BM-12070,26/01/2025,Lagos,Bloom Mart Surulere,Health & Beauty,Hair Cream,1,3956,3956,Retail
BM-10280,27/01/2025,Ibadan,Bloom Mart Bodija,Grocery,Sugar 2kg,1,2473,2473,Retail
BM-10790,27/01/2025,Lagos,Bloom Mart Ikeja,Health & Beauty,Body Lotion 400ml,5,4350,21750,Retail
BM-10622,27/01/2025,Lagos,Bloom Mart Surulere,Electronics,Bluetooth Earphones,1,11752,11752,Corporate
BM-10106,27/01/2025,Port Harcourt,Bloom Mart Rumuola,Electronics,Power Bank 10000mAh,2,13957,27914,Retail
BM-10207,28/01/2025,Port Harcourt,Bloom Mart GRA,Grocery,Tomato Paste (12pk),1,7564,7564,Retail
BM-11603,28/01/2025,Ibadan,Bloom Mart Bodija,Health & Beauty,Body Lotion 400ml,2,4239,8478,Retail
BM-11381,28/01/2025,Ibadan,Bloom Mart Ring Road,Fashion & Apparel,Men's Polo Shirt,1,6815,6815,Retail
BM-10402,28/01/2025,Port Harcourt,Bloom Mart Rumuola,Grocery,Spaghetti Carton,2,11027,22054,Wholesale
BM-10470,28/01/2025,Lagos,Bloom Mart Lekki,Home & Kitchen,Electric Kettle,2,9634,19268,Retail
BM-10271,29/01/2025,Port Harcourt,Bloom Mart Rumuola,Home & Kitchen,Electric Kettle,1,9380,9380,Retail
BM-11594,29/01/2025,Abuja,Bloom Mart Wuse,Grocery,Spaghetti Carton,2,11292,22584,Retail
BM-11070,29/01/2025,Lagos,Bloom Mart Lekki,Health & Beauty,Shea Butter Soap Pack,1,3728,3728,Retail
BM-11286,29/01/2025,Lagos,Bloom Mart Ikeja,Grocery,Sugar 2kg,2,2714,5428,Retail
BM-11377,29/01/2025,Lagos,Bloom Mart Lekki,Home & Kitchen,Storage Container Set,1,6899,6899,Wholesale
BM-10091,29/01/2025,Lagos,Bloom Mart Surulere,Electronics,Power Bank 10000mAh,2,14086,28172,Retail
BM-11127,30/01/2025,Abuja,Bloom Mart Garki,Home & Kitchen,Electric Kettle,1,10231,10231,Retail
BM-11678,30/01/2025,Abuja,Bloom Mart Wuse,Health & Beauty,Shea Butter Soap Pack,3,3470,10410,Retail
BM-11360,30/01/2025,Lagos,Bloom Mart Ikeja,Home & Kitchen,Electric Kettle,2,10083,20166,
BM-11102,30/01/2025,Abuja,Bloom Mart Wuse,Health & Beauty,Toothpaste (3pk),1,2017,2017,Wholesale
BM-12027,30/01/2025,Lagos,Bloom Mart Surulere,Electronics,Bluetooth Earphones,2,11357,22714,Corporate
BM-10072,31/01/2025,Ibadan,Bloom Mart Ring Road,Grocery,Vegetable Oil 4L,1,9406,9406,Corporate
BM-10308,31/01/2025,Lagos,Bloom Mart Surulere,Health & Beauty,Hair Cream,1,3867,3867,Wholesale
BM-11703,31/01/2025,Ibadan ,Bloom Mart Ring Road,Health & Beauty,Shea Butter Soap Pack,1,3513,3513,Wholesale
BM-11667,31/01/2025,Lagos,Bloom Mart Ikeja,Home & Kitchen,Blender 1.5L,3,15882,47646,Retail
BM-11246,31/01/2025,Abuja,Bloom Mart Garki,Grocery,Rice 5kg Bag,1,6520,6520,Retail
BM-10536,31/01/2025,Lagos,Bloom Mart Surulere,Grocery,Sugar 2kg,1,2717,2717,Corporate
BM-11489,31/01/2025,Abuja,Bloom Mart Garki,Fashion & Apparel,Ladies Sandals,1,9357,9357,Retail
BM-11487,31/01/2025,Abuja,Bloom Mart Wuse,Electronics,LED Desk Lamp,1,7951,7951,Wholesale
BM-11830,01/02/2025,Lagos,Bloom Mart Surulere,Toys & Games,Puzzle Game,1,3884,3884,Retail
BM-11462,01/02/2025,Lagos,Bloom Mart Ikeja,Home & Kitchen,Storage Container Set,1,6788,6788,Retail
BM-10643,01/02/2025,Ibadan,Bloom Mart Ring Road,Electronics,Power Bank 10000mAh,1,14834,14834,
BM-10867,01/02/2025,Ibadan,Bloom Mart Bodija,Home & Kitchen,Non-stick Frying Pan,2,9084,18168,Corporate
BM-11948,01/02/2025,Ibadan,Bloom Mart Bodija,fashion & apparel ,Kids School Bag,2,8090,16180,Retail
BM-11681,01/02/2025,Abuja,Bloom Mart Garki,Electronics,Power Bank 10000mAh,2,15429,30858,Retail
BM-10425,01/02/2025,Ibadan,Bloom Mart Bodija,Toys & Games,Puzzle Game,4,4259,17036,Corporate
BM-11130,01/02/2025,Abuja,Bloom Mart Garki,Fashion & Apparel,Men's Polo Shirt,1,7392,7392,Retail
BM-12109,02/02/2025,Ibadan,Bloom Mart Ring Road,Toys & Games,Building Blocks Set,3,6741,20223,Retail
BM-11073,02/02/2025,Lagos,Bloom Mart Lekki,Health & Beauty,Hair Cream,3,4023,12069,Wholesale
BM-11982,02/02/2025,Port Harcourt,Bloom Mart Rumuola,Health & Beauty,Toothpaste (3pk),1,2102,2102,Retail
BM-11714,02/02/2025,Lagos,Bloom Mart Lekki,Electronics,Power Bank 10000mAh,2,14139,28278,Retail
BM-10275,02/02/2025,Ibadan,Bloom Mart Bodija,Home & Kitchen,Cutlery Set (24pc),1,11766,11766,
BM-11756,03/02/2025,Abuja,Bloom Mart Wuse,Electronics,Phone Charger Cable,1,2586,2586,Wholesale
BM-10356,03/02/2025,Port Harcourt,Bloom Mart GRA,Home & Kitchen,Blender 1.5L,1,16220,16220,Retail
BM-11581,03/02/2025,Abuja,Bloom Mart Wuse,Home & Kitchen,Non-stick Frying Pan,1,9146,9146,Retail
BM-10884,04/02/2025,Ibadan,Bloom Mart Ring Road,Grocery,Vegetable Oil 4L,2,8693,17386,Corporate
BM-10784,04/02/2025,Lagos,Bloom Mart Lekki,Home & Kitchen,Storage Container Set,1,6404,6404,Retail
BM-10040,04/02/2025,Abuja,Bloom Mart Wuse,Home & Kitchen,Non-stick Frying Pan,1,8707,8707,Retail
BM-11267,05/02/2025,Ibadan,Bloom Mart Ring Road,Fashion & Apparel,Ladies Sandals,2,10030,20060,Corporate
BM-12119,05/02/2025,Lagos,Bloom Mart Lekki,Fashion & Apparel,Ladies Sandals,1,10172,10172,Retail
BM-11507,05/02/2025,Port Harcourt,Bloom Mart GRA,Health & Beauty,Body Lotion 400ml,1,4228,4228,Wholesale
BM-10885,05/02/2025,Abuja,Bloom Mart Wuse,Home & Kitchen,Non-stick Frying Pan,2,8623,17246,Retail
BM-11412,06/02/2025,Port Harcourt,Bloom Mart Rumuola,Electronics,Power Bank 10000mAh,2,14299,28598,Retail
BM-10100,06/02/2025,Ibadan,Bloom Mart Ring Road,Grocery,Spaghetti Carton,1,12388,12388,Retail
BM-10143,06/02/2025,Lagos,Bloom Mart Surulere,Electronics,LED Desk Lamp,2,7256,14512,Retail
BM-11508,06/02/2025,Port Harcourt,Bloom Mart Rumuola,Health & Beauty,Body Lotion 400ml,1,4532,4532,Wholesale
BM-10349,06/02/2025,Port Harcourt,Bloom Mart Rumuola,Electronics,Extension Socket,1,5949,5949,Retail
BM-10323,06/02/2025,Port Harcourt,Bloom Mart Rumuola,Home & Kitchen,Cutlery Set (24pc),2,12094,24188,Corporate
BM-11854,06/02/2025,Abuja,Bloom Mart Garki,Toys & Games,Puzzle Game,4,3800,15200,Retail
BM-11690,06/02/2025,Abuja,Bloom Mart Wuse,Electronics,LED Desk Lamp,1,7530,7530,Corporate
BM-10594,07/02/2025,Port Harcourt,Bloom Mart GRA,Health & Beauty,Shea Butter Soap Pack,1,3486,3486,Wholesale
BM-11420,07/02/2025,Lagos,Bloom Mart Ikeja,Home & Kitchen,Storage Container Set,2,6386,12772,Retail
BM-11189,07/02/2025,Port Harcourt,Bloom Mart Rumuola,Grocery,Spaghetti Carton,1,12008,12008,Retail
BM-10624,07/02/2025,Lagos,Bloom Mart Lekki,Electronics,Extension Socket,1,5703,5703,Retail
BM-10014,07/02/2025,Lagos,Bloom Mart Surulere,Home & Kitchen,Blender 1.5L,1,15895,15895,Corporate
BM-11516,07/02/2025,Abuja,Bloom Mart Garki,Fashion & Apparel,Men's Polo Shirt,3,7494,22482,Retail
BM-11484,07/02/2025,Lagos,Bloom Mart Lekki,Electronics,Extension Socket,1,6432,6432,Retail
BM-11601,07/02/2025,Lagos,Bloom Mart Lekki,Fashion & Apparel,Ladies Sandals,1,10056,10056,Wholesale
BM-10228,07/02/2025,Ibadan,Bloom Mart Bodija,Fashion & Apparel,Kids School Bag,1,8122,8122,Retail
BM-11195,08/02/2025,Lagos,Bloom Mart Ikeja,Health & Beauty,Shea Butter Soap Pack,1,3689,3689,Retail
BM-11815,08/02/2025,Ibadan,Bloom Mart Ring Road,Home & Kitchen,Blender 1.5L,1,15965,15965,Retail
BM-10683,08/02/2025,Ibadan,Bloom Mart Ring Road,Grocery,Vegetable Oil 4L,1,8568,8568,Corporate
BM-11293,08/02/2025,Lagos,Bloom Mart Surulere,Electronics,Phone Charger Cable,1,2530,2530,Retail
BM-12035,08/02/2025,Port Harcourt,Bloom Mart Rumuola,Fashion & Apparel,Men's Polo Shirt,1,7110,7110,Corporate
BM-11543,09/02/2025,Lagos,Bloom Mart Lekki,Electronics,Bluetooth Earphones,1,10799,10799,Retail
BM-11146,09/02/2025,Abuja,Bloom Mart Garki,Grocery,Spaghetti Carton,1,11532,11532,Retail
BM-11087,09/02/2025,Abuja,Bloom Mart Wuse,Electronics,Bluetooth Earphones,2,11688,23376,Retail
BM-11995,09/02/2025,Abuja,Bloom Mart Wuse,Fashion & Apparel,Ankara Fabric (6yds),1,18069,18069,Wholesale
BM-10553,09/02/2025,Port Harcourt,Bloom Mart GRA,Home & Kitchen,Blender 1.5L,1,16571,16571,Wholesale
BM-10785,09/02/2025,Lagos,Bloom Mart Lekki,Grocery,Spaghetti Carton,1,11686,11686,Retail
BM-11249,09/02/2025,Abuja,Bloom Mart Wuse,Grocery,Sugar 2kg,2,2586,5172,Retail
BM-11960,10/02/2025,Port Harcourt,Bloom Mart Rumuola,Fashion & Apparel,Ankara Fabric (6yds),1,19010,19010,Corporate
BM-10652,10/02/2025,Ibadan,Bloom Mart Ring Road,Grocery,Vegetable Oil 4L,2,9391,18782,Retail
BM-10526,10/02/2025,Port Harcourt,Bloom Mart Rumuola,Electronics,LED Desk Lamp,1,7665,7665,Retail
BM-10355,10/02/2025,Abuja,Bloom Mart Garki,Grocery,Vegetable Oil 4L,2,9483,18966,Retail
BM-10417,10/02/2025,Port Harcourt,Bloom Mart Rumuola,Fashion & Apparel,Unisex Cap,1,2892,2892,Retail
BM-10900,10/02/2025,Lagos,Bloom Mart Surulere,Electronics,Phone Charger Cable,4,2483,9932,Retail
BM-10084,10/02/2025,Lagos,Bloom Mart Surulere,Home & Kitchen,Storage Container Set,1,6349,6349,Wholesale
BM-10458,10/02/2025,Lagos,Bloom Mart Ikeja,Toys & Games,Puzzle Game,4,3801,15204,Retail
BM-10292,10/02/2025,Ibadan,Bloom Mart Ring Road,Office Supplies,A4 Paper Ream,3,4591,13773,Retail
BM-10817,11/02/2025,Lagos,Bloom Mart Ikeja,Health & Beauty,Shea Butter Soap Pack,1,3472,3472,Retail
BM-10744,11/02/2025,Abuja,Bloom Mart Garki,Electronics,Power Bank 10000mAh,3,14592,43776,Retail
BM-10382,11/02/2025,Lagos,Bloom Mart Ikeja,Electronics,Power Bank 10000mAh,1,15432,15432,Corporate
BM-10732,12/02/2025,Abuja,Bloom Mart Wuse,Grocery,Vegetable Oil 4L,1,8759,8759,Wholesale
BM-10041,12/02/2025,Lagos,Bloom Mart Surulere,Grocery,Tomato Paste (12pk),2,7564,15128,Retail
BM-11478,12/02/2025,Lagos,Bloom Mart Ikeja,Home & Kitchen,Non-stick Frying Pan,1,8313,8313,Wholesale
BM-10727,12/02/2025,Lagos,Bloom Mart Ikeja,Fashion & Apparel,Men's Polo Shirt,1,6990,6990,Corporate
BM-11056,13/02/2025,Lagos,Bloom Mart Lekki,Electronics,Extension Socket,1,5836,5836,Retail
BM-11606,13/02/2025,Port Harcourt,Bloom Mart Rumuola,Toys & Games,Puzzle Game,1,4171,4171,Corporate
BM-11617,14/02/2025,Abuja,Bloom Mart Wuse,Fashion & Apparel,Unisex Cap,2,3010,6020,Corporate
BM-10284,15/02/2025,Port Harcourt,Bloom Mart Rumuola,Grocery,Sugar 2kg,2,2774,5548,Retail
BM-10786,15/02/2025,Port Harcourt,Bloom Mart Rumuola,Health & Beauty,Toothpaste (3pk),0,2067,0,Retail
BM-11036,15/02/2025,Lagos,Bloom Mart Ikeja,Home & Kitchen,Non-stick Frying Pan,1,8493,8493,Retail
BM-10304,15/02/2025,Abuja,Bloom Mart Garki,Health & Beauty,Shea Butter Soap Pack,3,3510,10530,Retail
BM-10654,16/02/2025,Ibadan,Bloom Mart Bodija,Electronics,LED Desk Lamp,1,8098,8098,Retail
BM-11330,16/02/2025,Ibadan,Bloom Mart Ring Road,Grocery,Tomato Paste (12pk),1,6914,6914,Retail
BM-10448,16/02/2025,Port Harcourt,Bloom Mart Rumuola,Grocery,Rice 5kg Bag,1,6151,6151,Retail
BM-11953,16/02/2025,Lagos,Bloom Mart Surulere,Fashion & Apparel,Men's Polo Shirt,1,7523,7523,Retail
BM-11512,16/02/2025,Abuja,Bloom Mart Garki,Electronics,Power Bank 10000mAh,1,14029,14029,Wholesale
BM-10962,16/02/2025,Lagos,Bloom Mart Ikeja,Home & Kitchen,Blender 1.5L,1,15579,15579,Corporate
BM-11434,16/02/2025,Port Harcourt,Bloom Mart GRA,Health & Beauty,Shea Butter Soap Pack,2,3472,6944,Corporate
BM-11698,16/02/2025,Port Harcourt,Bloom Mart GRA,Home & Kitchen,Storage Container Set,1,6992,6992,Retail
BM-11824,16/02/2025,Lagos,Bloom Mart Ikeja,Home & Kitchen,Cutlery Set (24pc),2,12422,24844,Retail
BM-11044,16/02/2025,Lagos,Bloom Mart Surulere,Grocery,Vegetable Oil 4L,2,8482,16964,Retail
BM-11612,17/02/2025,Port Harcourt,Bloom Mart GRA,Toys & Games,Building Blocks Set,1,6773,6773,Retail
BM-10243,17/02/2025,Abuja,Bloom Mart Wuse,Office Supplies,Notebook Pack,1,3249,3249,Retail
BM-10850,17/02/2025,Abuja,Bloom Mart Garki,Electronics,LED Desk Lamp,1,7257,7257,Wholesale
BM-10887,18/02/2025,Ibadan,Bloom Mart Ring Road,Electronics,Extension Socket,1,5979,5979,Retail
BM-10497,18/02/2025,Lagos,Bloom Mart Surulere,fashion & apparel ,Ankara Fabric (6yds),1,18793,18793,Retail
BM-11030,19/02/2025,Ibadan,Bloom Mart Bodija,Grocery,Vegetable Oil 4L,1,8739,8739,Corporate
BM-11337,19/02/2025,Lagos,Bloom Mart Surulere,Electronics,Extension Socket,1,5771,5771,Retail
BM-11094,19/02/2025,Lagos,Bloom Mart Surulere,Home & Kitchen,Electric Kettle,5,10237,51185,Wholesale
BM-10078,19/02/2025,Abuja,Bloom Mart Wuse,Home & Kitchen,Blender 1.5L,1,14760,14760,Retail
BM-11280,20/02/2025,Ibadan,Bloom Mart Bodija,Home & Kitchen,Non-stick Frying Pan,1,8977,8977,Corporate
BM-10451,20/02/2025,Abuja,Bloom Mart Garki,Home & Kitchen,Electric Kettle,1,9506,9506,Retail
BM-11119,20/02/2025,Ibadan,Bloom Mart Ring Road,Grocery,Vegetable Oil 4L,1,9029,9029,Corporate
BM-11322,20/02/2025,Ibadan,Bloom Mart Ring Road,Home & Kitchen,Electric Kettle,1,9272,9272,Wholesale
BM-11710,21/02/2025,Lagos,Bloom Mart Lekki,Electronics,Bluetooth Earphones,2,11094,22188,Wholesale
BM-10017,21/02/2025,Port Harcourt,Bloom Mart Rumuola,Home & Kitchen,Electric Kettle,2,9372,18744,Wholesale
BM-11991,21/02/2025,Abuja,Bloom Mart Garki,Fashion & Apparel,Ankara Fabric (6yds),3,17505,52515,Wholesale
BM-11988,22/02/2025,Lagos,Bloom Mart Surulere,Health & Beauty,Toothpaste (3pk),1,2087,2087,Retail
BM-11725,22/02/2025,Abuja,Bloom Mart Garki,Fashion & Apparel,Men's Polo Shirt,5,7331,36655,Corporate
BM-11281,23/02/2025,Port Harcourt,Bloom Mart GRA,Home & Kitchen,Non-stick Frying Pan,2,9113,18226,Retail
BM-12001,23/02/2025,Port Harcourt,Bloom Mart GRA,Grocery,Spaghetti Carton,1,12113,12113,Retail
BM-11548,23/02/2025,Abuja,Bloom Mart Garki,Electronics,Power Bank 10000mAh,1,15409,15409,Retail
BM-11378,23/02/2025,Lagos,Bloom Mart Ikeja,Home & Kitchen,Storage Container Set,1,6466,6466,Wholesale
BM-10635,23/02/2025,Lagos,Bloom Mart Lekki,Fashion & Apparel,Ankara Fabric (6yds),1,18124,18124,Corporate
BM-10279,24/02/2025,Lagos,Bloom Mart Lekki,Home & Kitchen,Blender 1.5L,1,16714,16714,Wholesale
BM-11536,24/02/2025,Ibadan,Bloom Mart Bodija,Grocery,Rice 5kg Bag,2,6284,12568,Wholesale
BM-10581,24/02/2025,Lagos,Bloom Mart Lekki,Fashion & Apparel,Ankara Fabric (6yds),2,19112,38224,Retail
BM-10234,24/02/2025,Port Harcourt,Bloom Mart Rumuola,Grocery,Sugar 2kg,1,2494,2494,Retail
BM-11753,25/02/2025,Lagos,Bloom Mart Surulere,Home & Kitchen,Cutlery Set (24pc),1,11404,11404,Retail
BM-11148,25/02/2025,Lagos,Bloom Mart Ikeja,Home & Kitchen,Cutlery Set (24pc),1,11490,11490,Wholesale
BM-10360,25/02/2025,Abuja,Bloom Mart Wuse,Electronics,Power Bank 10000mAh,1,14607,14607,Retail
BM-12101,25/02/2025,Port Harcourt,Bloom Mart GRA,Electronics,LED Desk Lamp,1,7649,7649,Retail
BM-11525,25/02/2025,Ibadan,Bloom Mart Bodija,Health & Beauty,Body Lotion 400ml,2,4003,8006,Retail
BM-11768,25/02/2025,Abuja,Bloom Mart Garki,Grocery,Vegetable Oil 4L,2,8958,17916,Wholesale
BM-11233,25/02/2025,Port Harcourt,Bloom Mart Rumuola,Fashion & Apparel,Men's Polo Shirt,2,6832,13664,Retail
BM-10601,25/02/2025,Lagos,Bloom Mart Ikeja,Electronics,LED Desk Lamp,1,8098,8098,Retail
BM-11428,26/02/2025,Ibadan,Bloom Mart Bodija,Health & Beauty,Shea Butter Soap Pack,2,3566,7132,Retail
BM-10129,26/02/2025,Lagos,Bloom Mart Surulere,Fashion & Apparel,Unisex Cap,1,3232,3232,Corporate
BM-10344,26/02/2025,Abuja,Bloom Mart Wuse,Health & Beauty,Toothpaste (3pk),5,2188,10940,Retail
BM-10469,27/02/2025,Abuja,Bloom Mart Garki,Home & Kitchen,Electric Kettle,1,9204,9204,Corporate
BM-10763,27/02/2025,Abuja,Bloom Mart Garki,Home & Kitchen,Non-stick Frying Pan,1,8838,8838,Corporate
BM-11433,27/02/2025,Ibadan,Bloom Mart Ring Road,Home & Kitchen,Non-stick Frying Pan,1,9174,9174,Retail
BM-10665,27/02/2025,Abuja,Bloom Mart Garki,Health & Beauty,Body Lotion 400ml,1,4000,4000,Retail
BM-11520,27/02/2025,Lagos,Bloom Mart Ikeja,Home & Kitchen,Cutlery Set (24pc),1,11849,11849,Corporate
BM-10851,27/02/2025,Ibadan,Bloom Mart Ring Road,Grocery,Vegetable Oil 4L,2,8564,17128,Wholesale
BM-12063,28/02/2025,Abuja,Bloom Mart Wuse,Home & Kitchen,Storage Container Set,1,6513,6513,Retail
BM-11852,28/02/2025,Lagos,Bloom Mart Surulere,Grocery,Tomato Paste (12pk),4,7547,30188,Corporate
BM-11492,28/02/2025,Abuja,Bloom Mart Garki,Fashion & Apparel,Ankara Fabric (6yds),1,18589,18589,Wholesale
BM-10590,28/02/2025,Lagos,Bloom Mart Surulere,Electronics,Power Bank 10000mAh,1,13792,13792,Retail
BM-11631,28/02/2025,Ibadan,Bloom Mart Bodija,Electronics,Power Bank 10000mAh,1,15134,15134,Corporate
BM-10339,01/03/2025,Lagos,Bloom Mart Ikeja,Fashion & Apparel,Ankara Fabric (6yds),1,18383,18383,Retail
BM-10814,01/03/2025,Abuja,Bloom Mart Garki,Fashion & Apparel,Ankara Fabric (6yds),2,19196,38392,Corporate
BM-11338,01/03/2025,Lagos,Bloom Mart Surulere,Fashion & Apparel,Ladies Sandals,2,9925,19850,Corporate
BM-10646,01/03/2025,Lagos,Bloom Mart Ikeja,Grocery,Sugar 2kg,1,2731,2731,Retail
BM-11965,01/03/2025,Abuja,Bloom Mart Wuse,Fashion & Apparel,Ladies Sandals,1,9161,9161,Retail
BM-10518,02/03/2025,Abuja,Bloom Mart Wuse,Home & Kitchen,Cutlery Set (24pc),2,11704,23408,Wholesale
BM-11261,02/03/2025,Abuja,Bloom Mart Garki,Toys & Games,Building Blocks Set,1,6712,6712,Wholesale
BM-10596,02/03/2025,Ibadan,Bloom Mart Ring Road,Electronics,Phone Charger Cable,2,2586,5172,Wholesale
BM-11318,02/03/2025,Abuja,Bloom Mart Wuse,Electronics,Extension Socket,1,6402,6402,Wholesale
BM-10899,02/03/2025,Abuja,Bloom Mart Garki,Home & Kitchen,Cutlery Set (24pc),1,12603,12603,Wholesale
BM-10853,02/03/2025,Lagos,Bloom Mart Ikeja,Electronics,Bluetooth Earphones,3,11591,34773,Retail
BM-10609,02/03/2025,ABUJA,Bloom Mart Garki,Fashion & Apparel,Kids School Bag,1,8264,8264,Corporate
BM-11850,03/03/2025,Abuja,Bloom Mart Wuse,Grocery,Spaghetti Carton,2,12041,24082,Retail
BM-10658,03/03/2025,Lagos,Bloom Mart Ikeja,Grocery,Rice 5kg Bag,1,5971,5971,Retail
BM-10595,03/03/2025,Lagos,Bloom Mart Surulere,Electronics,LED Desk Lamp,2,7337,14674,Wholesale
BM-10559,03/03/2025,Abuja,Bloom Mart Wuse,Grocery,Spaghetti Carton,3,11839,35517,Retail
BM-11616,03/03/2025,Lagos,Bloom Mart Ikeja,Electronics,LED Desk Lamp,1,8055,8055,Retail
BM-11798,03/03/2025,Lagos,Bloom Mart Surulere,Office Supplies,A4 Paper Ream,1,4722,4722,Retail
BM-11817,04/03/2025,Lagos,Bloom Mart Surulere,Home & Kitchen,Non-stick Frying Pan,2,8867,17734,Corporate
BM-10841,04/03/2025,Abuja,Bloom Mart Wuse,Electronics,Bluetooth Earphones,2,10988,21976,Retail
BM-10621,04/03/2025,Lagos,Bloom Mart Surulere,Home & Kitchen,Electric Kettle,3,9089,27267,Retail
BM-11762,04/03/2025,Lagos,Bloom Mart Surulere,Health & Beauty,Hair Cream,1,3726,3726,Retail
BM-11509,04/03/2025,Port Harcourt,Bloom Mart Rumuola,Fashion & Apparel,Unisex Cap,2,2880,5760,Corporate
BM-11347,04/03/2025,Ibadan,Bloom Mart Bodija,Home & Kitchen,Blender 1.5L,1,14851,14851,Corporate
BM-10503,04/03/2025,Lagos,Bloom Mart Lekki,Health & Beauty,Shea Butter Soap Pack,2,3623,7246,Retail
BM-11193,05/03/2025,Ibadan,Bloom Mart Bodija,Electronics,Phone Charger Cable,2,2690,5380,Wholesale
BM-11781,05/03/2025,Lagos,Bloom Mart Surulere,Grocery,Tomato Paste (12pk),1,7584,7584,Retail
BM-10617,05/03/2025,Lagos,Bloom Mart Surulere,Home & Kitchen,Electric Kettle,1,9647,9647,Retail
BM-10696,05/03/2025,Ibadan,Bloom Mart Bodija,Home & Kitchen,Cutlery Set (24pc),1,11787,11787,Wholesale
BM-11586,05/03/2025,Abuja,Bloom Mart Garki,Home & Kitchen,Blender 1.5L,1,16344,16344,Retail
BM-10482,05/03/2025,Abuja,Bloom Mart Garki,electronics ,LED Desk Lamp,1,7684,7684,Wholesale
BM-10093,05/03/2025,Ibadan,Bloom Mart Bodija,Toys & Games,Building Blocks Set,5,6189,30945,Retail
BM-11906,06/03/2025,Port Harcourt,Bloom Mart GRA,Home & Kitchen,Storage Container Set,1,6834,6834,Corporate
BM-11963,06/03/2025,Abuja,Bloom Mart Garki,Grocery,Rice 5kg Bag,1,6194,6194,Corporate
BM-10829,06/03/2025,Lagos,Bloom Mart Lekki,Electronics,Phone Charger Cable,1,2558,2558,Retail
BM-10931,06/03/2025,Abuja,Bloom Mart Garki,Fashion & Apparel,Men's Polo Shirt,2,6871,13742,Wholesale
BM-11788,06/03/2025,Lagos,Bloom Mart Surulere,Electronics,Phone Charger Cable,1,2473,2473,Retail
BM-10067,06/03/2025,Abuja,Bloom Mart Wuse,Home & Kitchen,Blender 1.5L,1,16593,16593,Retail
BM-11773,06/03/2025,Abuja,Bloom Mart Garki,Grocery,Sugar 2kg,1,2744,2744,Corporate
BM-11120,06/03/2025,Abuja,Bloom Mart Garki,Office Supplies,Ballpoint Pens (10pk),2,1483,2966,Wholesale
BM-10021,07/03/2025,Lagos,Bloom Mart Surulere,Health & Beauty,Body Lotion 400ml,2,4159,8318,Retail
BM-10021,07/03/2025,Lagos,Bloom Mart Surulere,Health & Beauty,Body Lotion 400ml,2,4159,8318,Retail
BM-11154,07/03/2025,Lagos,Bloom Mart Lekki,Grocery,Vegetable Oil 4L,1,8898,8898,Retail
BM-11874,07/03/2025,Ibadan ,Bloom Mart Bodija,Home & Kitchen,Blender 1.5L,1,15002,15002,Retail
BM-11041,07/03/2025,Abuja,Bloom Mart Wuse,Grocery,Vegetable Oil 4L,1,8729,8729,Corporate
BM-11402,08/03/2025,Abuja,Bloom Mart Garki,Home & Kitchen,Non-stick Frying Pan,1,8307,8307,Retail
BM-11188,08/03/2025,Port Harcourt,Bloom Mart GRA,Grocery,Rice 5kg Bag,1,5925,5925,Retail
BM-12075,08/03/2025,Lagos,Bloom Mart Lekki,Electronics,Bluetooth Earphones,1,11591,11591,Retail
BM-10350,08/03/2025,Abuja,Bloom Mart Garki,Grocery,Vegetable Oil 4L,1,9531,9531,Retail
BM-10371,09/03/2025,Port Harcourt,Bloom Mart GRA,Fashion & Apparel,Ankara Fabric (6yds),1,17389,17389,Retail
BM-10474,09/03/2025,Abuja,Bloom Mart Garki,Home & Kitchen,Cutlery Set (24pc),1,12355,12355,Retail
BM-10082,09/03/2025,Ibadan,Bloom Mart Bodija,Home & Kitchen,Cutlery Set (24pc),1,12890,12890,Wholesale
BM-12061,09/03/2025,Ibadan,Bloom Mart Bodija,Home & Kitchen,Non-stick Frying Pan,1,8864,8864,Wholesale
BM-10878,09/03/2025,Ibadan,Bloom Mart Bodija,Home & Kitchen,Storage Container Set,3,6947,20841,Wholesale
BM-10940,09/03/2025,Lagos,Bloom Mart Surulere,Grocery,Sugar 2kg,1,2484,2484,Retail
BM-10259,09/03/2025,Port Harcourt,Bloom Mart GRA,Fashion & Apparel,Ankara Fabric (6yds),1,18135,18135,Wholesale
BM-10625,09/03/2025,Abuja,Bloom Mart Garki,Electronics,Phone Charger Cable,1,2420,2420,Retail
BM-11336,09/03/2025,Lagos,Bloom Mart Lekki,Electronics,Bluetooth Earphones,1,10741,10741,Corporate
BM-11561,09/03/2025,Lagos,Bloom Mart Lekki,Home & Kitchen,Electric Kettle,4,9373,37492,Wholesale
BM-10268,10/03/2025,Abuja,Bloom Mart Wuse,Grocery,Vegetable Oil 4L,2,8563,17126,Retail
BM-10945,10/03/2025,Port Harcourt,Bloom Mart GRA,Grocery,Rice 5kg Bag,5,6181,30905,Retail
BM-11209,11/03/2025,Port Harcourt,Bloom Mart Rumuola,Grocery,Spaghetti Carton,1,12019,12019,Retail
BM-11680,11/03/2025,Ibadan,Bloom Mart Ring Road,Office Supplies,A4 Paper Ream,3,4896,14688,Retail
BM-11467,11/03/2025,Lagos,Bloom Mart Ikeja,Health & Beauty,Shea Butter Soap Pack,2,3440,6880,Wholesale
BM-12014,11/03/2025,Abuja,Bloom Mart Wuse,Home & Kitchen,Storage Container Set,1,6217,6217,Corporate
BM-11739,11/03/2025,Port Harcourt,Bloom Mart Rumuola,Electronics,Phone Charger Cable,2,2676,5352,Corporate
BM-10809,11/03/2025,Ibadan,Bloom Mart Ring Road,Home & Kitchen,Cutlery Set (24pc),1,12435,12435,Retail
BM-11225,12/03/2025,Lagos,Bloom Mart Lekki,Health & Beauty,Toothpaste (3pk),1,2225,2225,Retail
BM-10560,12/03/2025,Abuja,Bloom Mart Wuse,Fashion & Apparel,Men's Polo Shirt,1,6785,6785,Retail
BM-10743,13/03/2025,Ibadan,Bloom Mart Bodija,Electronics,Extension Socket,1,6140,6140,Retail
BM-11075,13/03/2025,Ibadan,Bloom Mart Bodija,Electronics,Power Bank 10000mAh,1,15048,15048,Retail
BM-11644,13/03/2025,Ibadan,Bloom Mart Ring Road,Electronics,LED Desk Lamp,5,7680,38400,Retail
BM-10565,13/03/2025,Lagos,Bloom Mart Surulere,Electronics,Bluetooth Earphones,0,11771,0,Retail
BM-11803,13/03/2025,Lagos,Bloom Mart Surulere,Toys & Games,Building Blocks Set,2,6344,12688,Retail
BM-11732,13/03/2025,Abuja,Bloom Mart Garki,Fashion & Apparel,Ladies Sandals,1,9134,9134,Corporate
BM-11986,14/03/2025,Lagos,Bloom Mart Ikeja,Health & Beauty,Toothpaste (3pk),1,2192,2192,Retail
BM-11387,14/03/2025,Ibadan,Bloom Mart Bodija,Electronics,LED Desk Lamp,1,7838,7838,Corporate
BM-10178,14/03/2025,Lagos,Bloom Mart Ikeja,Fashion & Apparel,Men's Polo Shirt,2,7342,14684,Corporate
BM-10005,14/03/2025,Lagos,Bloom Mart Surulere,Grocery,Tomato Paste (12pk),2,7500,15000,Wholesale
BM-10861,14/03/2025,Lagos,Bloom Mart Lekki,Home & Kitchen,Cutlery Set (24pc),1,11563,11563,Wholesale
BM-11554,14/03/2025,PH,Bloom Mart Rumuola,Fashion & Apparel,Men's Polo Shirt,2,6763,13526,Retail
BM-10631,14/03/2025,Lagos,Bloom Mart Surulere,Grocery,Tomato Paste (12pk),1,7127,7127,Retail
BM-11242,14/03/2025,Lagos,Bloom Mart Surulere,Electronics,Phone Charger Cable,2,2561,5122,Retail
BM-10178,14/03/2025,Lagos,Bloom Mart Ikeja,Fashion & Apparel,Men's Polo Shirt,2,7342,14684,Corporate
BM-11735,14/03/2025,Lagos,Bloom Mart Lekki,Electronics,LED Desk Lamp,2,7642,15284,Retail
BM-10269,14/03/2025,Ibadan,Bloom Mart Bodija,Toys & Games,Building Blocks Set,1,6690,6690,Wholesale
BM-11240,14/03/2025,Ibadan,Bloom Mart Bodija,Grocery,Sugar 2kg,1,2528,2528,Retail
BM-11008,14/03/2025,Port Harcourt,Bloom Mart Rumuola,Office Supplies,A4 Paper Ream,1,4969,4969,Corporate
BM-11969,14/03/2025,Abuja,Bloom Mart Garki,Electronics,Phone Charger Cable,1,2571,2571,Wholesale
BM-11570,14/03/2025,Lagos,Bloom Mart Surulere,Fashion & Apparel,Kids School Bag,2,8546,17092,Retail
BM-11684,15/03/2025,Ibadan,Bloom Mart Ring Road,Electronics,LED Desk Lamp,1,7695,7695,Corporate
BM-11623,15/03/2025,Lagos,Bloom Mart Surulere,Toys & Games,Puzzle Game,1,4137,4137,Retail
BM-10124,15/03/2025,Port Harcourt,Bloom Mart Rumuola,Grocery,Tomato Paste (12pk),1,7411,7411,Corporate
BM-11819,15/03/2025,Abuja,Bloom Mart Wuse,Home & Kitchen,Cutlery Set (24pc),2,12014,24028,Retail
BM-11537,15/03/2025,Abuja,Bloom Mart Wuse,Electronics,Phone Charger Cable,2,2503,5006,Retail
BM-10012,15/03/2025,Abuja,Bloom Mart Garki,Fashion & Apparel,Ladies Sandals,2,10082,20164,Retail
BM-12081,15/03/2025,Port Harcourt,Bloom Mart GRA,Grocery,Sugar 2kg,1,2654,2654,Retail
BM-10974,15/03/2025,Port Harcourt,Bloom Mart Rumuola,Office Supplies,Notebook Pack,1,3286,3286,Wholesale
BM-10048,15/03/2025,Lagos,,Fashion & Apparel,Ladies Sandals,2,9803,19606,Wholesale
BM-11938,16/03/2025,Ibadan,Bloom Mart Ring Road,Home & Kitchen,Storage Container Set,2,6845,13690,Wholesale
BM-11259,16/03/2025,Ibadan,Bloom Mart Ring Road,Health & Beauty,Body Lotion 400ml,1,4308,4308,Retail
BM-10998,17/03/2025,Abuja,Bloom Mart Wuse,Fashion & Apparel,Ladies Sandals,2,9918,19836,Retail
BM-10345,17/03/2025,Abuja,Bloom Mart Garki,Health & Beauty,Toothpaste (3pk),1,2123,2123,Wholesale
BM-10761,17/03/2025,Lagos,Bloom Mart Ikeja,Fashion & Apparel,Men's Polo Shirt,4,7309,29236,Retail
BM-11483,17/03/2025,Lagos,Bloom Mart Surulere,Grocery,Spaghetti Carton,1,12042,12042,Retail
BM-10821,18/03/2025,Lagos,Bloom Mart Surulere,Home & Kitchen,Storage Container Set,1,6186,6186,Corporate
BM-10413,18/03/2025,Ibadan ,Bloom Mart Ring Road,Fashion & Apparel,Unisex Cap,1,3183,3183,Retail
BM-10061,18/03/2025,Lagos,Bloom Mart Surulere,Home & Kitchen,Electric Kettle,5,10057,50285,Retail
BM-10571,18/03/2025,Abuja,Bloom Mart Wuse,Fashion & Apparel,Ladies Sandals,1,9926,9926,Corporate
BM-11618,18/03/2025,Port Harcourt,Bloom Mart Rumuola,Fashion & Apparel,Unisex Cap,1,3041,3041,Corporate
BM-11374,18/03/2025,Lagos,Bloom Mart Surulere,Home & Kitchen,Blender 1.5L,1,16076,16076,Corporate
BM-10190,19/03/2025,Ibadan,Bloom Mart Ring Road,Fashion & Apparel,Ankara Fabric (6yds),1,17190,17190,Corporate
BM-10443,19/03/2025,Abuja,Bloom Mart Garki,Health & Beauty,Toothpaste (3pk),2,2019,4038,Retail
BM-11585,19/03/2025,Abuja,Bloom Mart Garki,Fashion & Apparel,Men's Polo Shirt,1,7265,7265,Retail
BM-10435,19/03/2025,Abuja,Bloom Mart Wuse,Electronics,Bluetooth Earphones,1,10964,10964,Retail
BM-11158,20/03/2025,Abuja,Bloom Mart Wuse,Home & Kitchen,Electric Kettle,1,9317,9317,Corporate
BM-11051,20/03/2025,Lagos,Bloom Mart Lekki,Health & Beauty,Shea Butter Soap Pack,1,3355,3355,Retail
BM-11385,20/03/2025,Lagos,Bloom Mart Lekki,Office Supplies,A4 Paper Ream,1,4787,4787,Retail
BM-10949,20/03/2025,Lagos,Bloom Mart Ikeja,Home & Kitchen,Non-stick Frying Pan,1,8260,8260,Wholesale
BM-10552,20/03/2025,Port Harcourt,Bloom Mart GRA,Fashion & Apparel,Ankara Fabric (6yds),1,18978,18978,Corporate
BM-10151,20/03/2025,Lagos,Bloom Mart Surulere,Grocery,Spaghetti Carton,3,12161,36483,Retail
BM-11614,20/03/2025,Ibadan,Bloom Mart Bodija,Electronics,Power Bank 10000mAh,1,14041,14041,Corporate
BM-11820,21/03/2025,Ibadan,Bloom Mart Ring Road,Electronics,Bluetooth Earphones,1,11813,11813,Retail
BM-11715,21/03/2025,Port Harcourt,Bloom Mart GRA,Home & Kitchen,Blender 1.5L,1,15899,15899,Retail
BM-11426,21/03/2025,Abuja,Bloom Mart Garki,Electronics,Phone Charger Cable,2,2381,4762,Retail
BM-11621,21/03/2025,Lagos,Bloom Mart Lekki,Electronics,Power Bank 10000mAh,1,14429,14429,Retail
BM-10699,22/03/2025,Port Harcourt,Bloom Mart Rumuola,Grocery,Tomato Paste (12pk),1,7648,7648,Corporate
BM-10485,22/03/2025,Lagos,Bloom Mart Ikeja,Fashion & Apparel,Men's Polo Shirt,3,7274,21822,Wholesale
BM-11327,22/03/2025,Abuja,Bloom Mart Garki,Electronics,LED Desk Lamp,1,7769,7769,Retail
BM-10218,23/03/2025,Port Harcourt,Bloom Mart Rumuola,Electronics,Phone Charger Cable,5,2564,12820,Retail
BM-11470,23/03/2025,Lagos,Bloom Mart Ikeja,Home & Kitchen,Electric Kettle,2,9854,19708,Retail
BM-10862,23/03/2025,Lagos,Bloom Mart Ikeja,Electronics,Phone Charger Cable,1,2629,2629,Wholesale
BM-12077,23/03/2025,Lagos,,Fashion & Apparel,Ankara Fabric (6yds),1,18655,18655,Retail
BM-10795,23/03/2025,Ibadan,Bloom Mart Ring Road,Office Supplies,Notebook Pack,1,3272,3272,Corporate
BM-11358,23/03/2025,Lagos,Bloom Mart Surulere,Health & Beauty,Hair Cream,1,3853,3853,Retail
BM-11265,23/03/2025,Ibadan,Bloom Mart Bodija,Electronics,Extension Socket,1,5840,5840,Retail
BM-11395,23/03/2025,Lagos,Bloom Mart Lekki,Fashion & Apparel,Ladies Sandals,1,9826,9826,Retail
BM-10055,24/03/2025,Abuja,Bloom Mart Wuse,Fashion & Apparel,Ladies Sandals,2,9825,19650,Wholesale
BM-10420,24/03/2025,Port Harcourt,Bloom Mart GRA,Fashion & Apparel,Ladies Sandals,1,10257,10257,Retail
BM-11173,24/03/2025,Port Harcourt,Bloom Mart GRA,Grocery,Sugar 2kg,2,2672,5344,Retail
BM-11142,24/03/2025,Ibadan,Bloom Mart Ring Road,Office Supplies,Ballpoint Pens (10pk),4,1578,6312,Wholesale
BM-10671,24/03/2025,Abuja,Bloom Mart Garki,Health & Beauty,Toothpaste (3pk),1,2013,2013,Wholesale
BM-11257,25/03/2025,Abuja,Bloom Mart Garki,Home & Kitchen,Blender 1.5L,2,16197,32394,Corporate
BM-10419,25/03/2025,Ibadan,Bloom Mart Ring Road,Home & Kitchen,Blender 1.5L,1,16515,16515,Retail
BM-10385,25/03/2025,Lagos,Bloom Mart Ikeja,Grocery,Vegetable Oil 4L,4,8617,34468,Corporate
BM-11366,25/03/2025,Abuja,Bloom Mart Wuse,Electronics,Phone Charger Cable,1,2654,2654,Retail
BM-11340,25/03/2025,Lagos,Bloom Mart Ikeja,Fashion & Apparel,Unisex Cap,1,2918,2918,Retail
BM-10982,26/03/2025,Abuja,Bloom Mart Wuse,Office Supplies,A4 Paper Ream,1,5117,5117,Wholesale
BM-10026,26/03/2025,Ibadan,Bloom Mart Bodija,Fashion & Apparel,Unisex Cap,1,3085,3085,Corporate
BM-11638,26/03/2025,Lagos,Bloom Mart Surulere,Electronics,Extension Socket,2,6275,12550,Corporate
BM-10063,26/03/2025,Lagos,Bloom Mart Lekki,Fashion & Apparel,Unisex Cap,1,3042,3042,Retail
BM-11694,26/03/2025,Lagos,Bloom Mart Lekki,Home & Kitchen,Electric Kettle,1,9104,9104,Retail
BM-11291,26/03/2025,Abuja,Bloom Mart Wuse,Electronics,Bluetooth Earphones,2,10601,21202,Wholesale
BM-11856,27/03/2025,Port Harcourt,Bloom Mart GRA,Grocery,Rice 5kg Bag,1,6690,6690,Corporate
BM-10597,27/03/2025,Abuja,Bloom Mart Wuse,Home & Kitchen,Storage Container Set,1,6341,6341,Wholesale
BM-11421,27/03/2025,Abuja,Bloom Mart Wuse,Home & Kitchen,Cutlery Set (24pc),1,11869,11869,Retail
BM-11882,27/03/2025,Abuja,Bloom Mart Garki,Fashion & Apparel,Ladies Sandals,2,9883,19766,Retail
BM-11503,27/03/2025,Abuja,Bloom Mart Garki,Toys & Games,Puzzle Game,1,3818,3818,Retail
BM-11141,27/03/2025,Abuja,Bloom Mart Wuse,Electronics,Bluetooth Earphones,1,10551,10551,Retail
BM-10080,27/03/2025,Port Harcourt,Bloom Mart GRA,Health & Beauty,Shea Butter Soap Pack,1,3662,3662,Retail
BM-11058,27/03/2025,Abuja,Bloom Mart Garki,Fashion & Apparel,Ankara Fabric (6yds),1,18049,18049,Wholesale
BM-10291,27/03/2025,Abuja,Bloom Mart Garki,Electronics,Bluetooth Earphones,2,10998,21996,Corporate
BM-11039,28/03/2025,Lagos,Bloom Mart Surulere,Home & Kitchen,Non-stick Frying Pan,1,8288,8288,Retail
BM-10455,28/03/2025,Ibadan,Bloom Mart Ring Road,Electronics,LED Desk Lamp,1,7482,7482,Retail
BM-11778,28/03/2025,Abuja,Bloom Mart Garki,Health & Beauty,Toothpaste (3pk),5,2095,10475,Retail
BM-10168,28/03/2025,Port Harcourt,Bloom Mart GRA,Home & Kitchen,Storage Container Set,1,6339,6339,Retail
BM-11334,29/03/2025,Ibadan,Bloom Mart Bodija,Fashion & Apparel,Kids School Bag,1,8328,8328,Retail
BM-11759,29/03/2025,Lagos,Bloom Mart Ikeja,Grocery,Spaghetti Carton,1,12135,12135,Retail
BM-11910,29/03/2025,Abuja,Bloom Mart Garki,Fashion & Apparel,Men's Polo Shirt,1,7044,7044,Corporate
BM-11842,29/03/2025,Abuja,Bloom Mart Garki,Home & Kitchen,Blender 1.5L,1,15025,15025,Retail
BM-11720,29/03/2025,Lagos,Bloom Mart Surulere,Fashion & Apparel,Men's Polo Shirt,1,7240,7240,Retail
BM-11114,29/03/2025,Ibadan,Bloom Mart Bodija,Fashion & Apparel,Ladies Sandals,1,9707,9707,Corporate
BM-12024,29/03/2025,Lagos,Bloom Mart Lekki,Grocery,Tomato Paste (12pk),1,7216,7216,Retail
BM-10973,30/03/2025,Lagos,Bloom Mart Surulere,Electronics,LED Desk Lamp,1,7351,7351,Retail
BM-11818,30/03/2025,Ibadan,Bloom Mart Bodija,Electronics,Phone Charger Cable,1,2482,2482,Corporate
BM-10541,30/03/2025,Port Harcourt,Bloom Mart Rumuola,Grocery,Rice 5kg Bag,2,6422,12844,Retail
BM-10804,30/03/2025,Abuja,Bloom Mart Garki,Fashion & Apparel,Ladies Sandals,1,9862,9862,Corporate
BM-11547,30/03/2025,Lagos,Bloom Mart Lekki,Fashion & Apparel,Unisex Cap,1,3065,3065,Retail
BM-10690,30/03/2025,Port Harcourt,Bloom Mart Rumuola,Home & Kitchen,Blender 1.5L,1,16151,16151,Retail
BM-11218,30/03/2025,Lagos,Bloom Mart Ikeja,Electronics,Bluetooth Earphones,2,10866,21732,Retail
BM-11368,30/03/2025,Lagos,Bloom Mart Ikeja,Home & Kitchen,Electric Kettle,2,10022,20044,Wholesale
BM-10427,31/03/2025,Lagos,Bloom Mart Ikeja,Home & Kitchen,Blender 1.5L,1,15384,15384,Wholesale
BM-11103,31/03/2025,Lagos,Bloom Mart Ikeja,Home & Kitchen,Electric Kettle,3,10067,30201,Retail
BM-11222,31/03/2025,Port Harcourt,Bloom Mart Rumuola,Fashion & Apparel,Unisex Cap,1,3188,3188,Retail
BM-11846,31/03/2025,Ibadan,Bloom Mart Bodija,Electronics,Bluetooth Earphones,1,11037,11037,Retail
BM-10346,31/03/2025,Lagos,Bloom Mart Surulere,Toys & Games,Puzzle Game,1,4223,4223,Retail
BM-12005,01/04/2025,Port Harcourt,Bloom Mart Rumuola,Electronics,LED Desk Lamp,1,7659,7659,Retail
BM-11277,01/04/2025,Lagos,Bloom Mart Lekki,Grocery,Rice 5kg Bag,1,5916,5916,Wholesale
BM-10317,01/04/2025,Port Harcourt,Bloom Mart GRA,Home & Kitchen,Non-stick Frying Pan,1,8325,8325,Corporate
BM-11901,01/04/2025,Lagos,Bloom Mart Lekki,Home & Kitchen,Cutlery Set (24pc),1,11989,11989,Retail
BM-10920,01/04/2025,Lagos,Bloom Mart Lekki,Electronics,Phone Charger Cable,1,2411,2411,Corporate
BM-12065,02/04/2025,Lagos,Bloom Mart Surulere,Home & Kitchen,Storage Container Set,1,6572,6572,Wholesale
BM-10934,02/04/2025,Ibadan,Bloom Mart Ring Road,Electronics,Bluetooth Earphones,4,11392,45568,Retail
BM-11282,02/04/2025,Lagos,Bloom Mart Surulere,Home & Kitchen,Cutlery Set (24pc),1,12311,12311,Retail
BM-10031,02/04/2025,Lagos,Bloom Mart Ikeja,Electronics,Power Bank 10000mAh,1,14479,14479,Retail
BM-11491,02/04/2025,Abuja,Bloom Mart Wuse,Electronics,Phone Charger Cable,1,2693,2693,Retail
BM-10338,02/04/2025,Lagos,Bloom Mart Lekki,Home & Kitchen,Non-stick Frying Pan,1,8518,8518,Retail
BM-11405,02/04/2025,Lagos,Bloom Mart Ikeja,Health & Beauty,Body Lotion 400ml,1,4164,4164,Retail
BM-10928,03/04/2025,Port Harcourt,Bloom Mart Rumuola,Fashion & Apparel,Ankara Fabric (6yds),1,18802,18802,Retail
BM-11981,03/04/2025,Lagos,Bloom Mart Surulere,Home & Kitchen,Blender 1.5L,1,16288,16288,Retail
BM-11624,03/04/2025,Abuja,Bloom Mart Garki,Home & Kitchen,Electric Kettle,2,9318,18636,Retail
BM-10460,03/04/2025,Port Harcourt,Bloom Mart GRA,Grocery,Spaghetti Carton,3,11707,35121,Retail
BM-10771,03/04/2025,Port Harcourt,Bloom Mart Rumuola,Home & Kitchen,Blender 1.5L,2,15250,30500,Corporate
BM-11419,03/04/2025,Lagos,Bloom Mart Lekki,Grocery,Sugar 2kg,1,2645,2645,Retail
BM-11244,03/04/2025,Abuja,Bloom Mart Garki,Office Supplies,Ballpoint Pens (10pk),2,1600,3200,Retail
BM-10846,04/04/2025,Lagos,Bloom Mart Surulere,Home & Kitchen,Electric Kettle,1,9080,9080,Retail
BM-11083,04/04/2025,Port Harcourt,Bloom Mart Rumuola,Electronics,Power Bank 10000mAh,2,13951,27902,Wholesale
BM-10952,04/04/2025,Lagos,Bloom Mart Lekki,Office Supplies,Notebook Pack,2,3147,6294,Retail
BM-11230,04/04/2025,Abuja,Bloom Mart Wuse,Home & Kitchen,Cutlery Set (24pc),1,12358,12358,Wholesale
BM-11424,04/04/2025,Lagos,Bloom Mart Lekki,Health & Beauty,Body Lotion 400ml,4,4239,16956,Wholesale
BM-11031,04/04/2025,Ibadan,Bloom Mart Ring Road,Grocery,Tomato Paste (12pk),1,7145,7145,Retail
BM-10315,04/04/2025,Abuja,Bloom Mart Wuse,Office Supplies,Ballpoint Pens (10pk),5,1595,7975,Retail
BM-10856,05/04/2025,Lagos,Bloom Mart Lekki,Grocery,Vegetable Oil 4L,1,8532,8532,Retail
BM-10978,05/04/2025,Port Harcourt,Bloom Mart Rumuola,Electronics,Extension Socket,1,6010,6010,Retail
BM-10971,05/04/2025,Lagos,Bloom Mart Ikeja,Electronics,Phone Charger Cable,1,2564,2564,Wholesale
BM-10281,05/04/2025,Port Harcourt,Bloom Mart Rumuola,Home & Kitchen,Blender 1.5L,2,15926,31852,Retail
BM-11924,05/04/2025,Lagos,Bloom Mart Ikeja,Office Supplies,Notebook Pack,1,3350,3350,Wholesale
BM-10365,05/04/2025,Lagos,Bloom Mart Lekki,Office Supplies,A4 Paper Ream,2,5158,10316,Retail
BM-10970,05/04/2025,Ibadan,Bloom Mart Ring Road,Fashion & Apparel,Men's Polo Shirt,1,7350,7350,Retail
BM-10739,06/04/2025,Ibadan,Bloom Mart Bodija,Fashion & Apparel,Men's Polo Shirt,1,6773,6773,Corporate
BM-11602,06/04/2025,Lagos,Bloom Mart Surulere,Grocery,Spaghetti Carton,1,11830,11830,Retail
BM-11633,06/04/2025,Port Harcourt,Bloom Mart Rumuola,Electronics,LED Desk Lamp,1,7172,7172,Wholesale
BM-10626,06/04/2025,Lagos,Bloom Mart Surulere,Grocery,Rice 5kg Bag,1,6052,6052,Retail
BM-11884,06/04/2025,Lagos,Bloom Mart Surulere,Grocery,Vegetable Oil 4L,1,8529,8529,Retail
BM-12000,07/04/2025,port harcourt ,Bloom Mart GRA,Health & Beauty,Toothpaste (3pk),1,2007,2007,Wholesale
BM-11284,07/04/2025,Ibadan,Bloom Mart Bodija,Office Supplies,Notebook Pack,1,3116,3116,Retail
BM-12021,07/04/2025,Abuja,Bloom Mart Garki,Home & Kitchen,Blender 1.5L,1,15872,15872,Corporate
BM-10246,07/04/2025,Abuja,Bloom Mart Wuse,Electronics,Power Bank 10000mAh,1,14654,14654,Wholesale
BM-11913,07/04/2025,Lagos,Bloom Mart Lekki,Fashion & Apparel,Unisex Cap,2,3001,6002,Retail
BM-10016,08/04/2025,Abuja,Bloom Mart Garki,Fashion & Apparel,Unisex Cap,2,2858,5716,Retail
BM-11500,08/04/2025,Abuja,Bloom Mart Wuse,Home & Kitchen,Non-stick Frying Pan,1,9122,9122,Wholesale
BM-12059,08/04/2025,Abuja,Bloom Mart Garki,Home & Kitchen,Blender 1.5L,1,16390,16390,Retail
BM-10488,08/04/2025,Ibadan,Bloom Mart Bodija,Health & Beauty,Toothpaste (3pk),4,2127,8508,Retail
BM-10561,08/04/2025,Abuja,Bloom Mart Garki,Home & Kitchen,Electric Kettle,1,10018,10018,Retail
BM-11335,09/04/2025,Abuja,Bloom Mart Wuse,Health & Beauty,Shea Butter Soap Pack,1,3455,3455,Retail
BM-10401,09/04/2025,Abuja,Bloom Mart Wuse,Grocery,Vegetable Oil 4L,2,8487,16974,Corporate
BM-10932,09/04/2025,Lagos,Bloom Mart Ikeja,Grocery,Sugar 2kg,1,2633,2633,Retail
BM-11587,10/04/2025,Ibadan,Bloom Mart Ring Road,Electronics,Bluetooth Earphones,1,11017,11017,Corporate
BM-10756,10/04/2025,Abuja,Bloom Mart Garki,Electronics,LED Desk Lamp,1,7620,7620,Corporate
BM-11288,10/04/2025,Port Harcourt,Bloom Mart GRA,Grocery,Sugar 2kg,1,2636,2636,Wholesale
BM-10844,10/04/2025,Ibadan,Bloom Mart Bodija,Electronics,Power Bank 10000mAh,2,14856,29712,Retail
BM-10550,10/04/2025,Lagos,Bloom Mart Lekki,Electronics,LED Desk Lamp,1,7757,7757,Retail
BM-10521,10/04/2025,Lagos,Bloom Mart Lekki,Fashion & Apparel,Ladies Sandals,2,9488,18976,Corporate
BM-11456,11/04/2025,Port Harcourt,Bloom Mart Rumuola,Home & Kitchen,Blender 1.5L,3,16278,48834,Retail
BM-10387,11/04/2025,Lagos,Bloom Mart Ikeja,Home & Kitchen,Storage Container Set,1,6706,6706,Wholesale
BM-11037,11/04/2025,Ibadan,Bloom Mart Bodija,Electronics,Bluetooth Earphones,1,11364,11364,Wholesale
BM-11940,11/04/2025,Lagos,Bloom Mart Surulere,Grocery,Spaghetti Carton,1,12341,12341,Retail
BM-11940,11/04/2025,Lagos,Bloom Mart Surulere,Grocery,Spaghetti Carton,1,12341,12341,Retail
BM-10576,11/04/2025,Abuja,Bloom Mart Garki,Electronics,Bluetooth Earphones,2,10647,21294,Retail
BM-11860,11/04/2025,Lagos,Bloom Mart Lekki,Grocery,Tomato Paste (12pk),5,7119,35595,Retail
BM-10250,12/04/2025,Lagos,Bloom Mart Lekki,Electronics,LED Desk Lamp,1,7455,7455,Retail
BM-11528,12/04/2025,Ibadan,Bloom Mart Bodija,Fashion & Apparel,Unisex Cap,1,2955,2955,Retail
BM-10104,12/04/2025,Port Harcourt,Bloom Mart GRA,Home & Kitchen,Cutlery Set (24pc),1,12130,12130,Retail
BM-10429,12/04/2025,Abuja,Bloom Mart Wuse,Health & Beauty,Shea Butter Soap Pack,2,3580,7160,Wholesale
BM-10117,13/04/2025,Port Harcourt,Bloom Mart GRA,Electronics,Phone Charger Cable,1,2424,2424,Retail
BM-11609,13/04/2025,Port Harcourt,Bloom Mart GRA,Electronics,Extension Socket,1,6198,6198,Wholesale
BM-11810,13/04/2025,Abuja,Bloom Mart Garki,Fashion & Apparel,Unisex Cap,1,3136,3136,Corporate
BM-11150,13/04/2025,Port Harcourt,Bloom Mart GRA,Home & Kitchen,Cutlery Set (24pc),2,12841,25682,Wholesale
BM-10498,13/04/2025,Ibadan,Bloom Mart Ring Road,Home & Kitchen,Non-stick Frying Pan,1,8268,8268,Corporate
BM-10029,14/04/2025,Lagos,Bloom Mart Ikeja,Home & Kitchen,Cutlery Set (24pc),1,11486,11486,Retail
BM-10758,14/04/2025,Ibadan,Bloom Mart Ring Road,Electronics,Phone Charger Cable,1,2469,2469,Corporate
BM-11746,14/04/2025,Abuja,Bloom Mart Garki,Fashion & Apparel,Ankara Fabric (6yds),1,18310,18310,Wholesale
BM-10735,14/04/2025,Lagos,Bloom Mart Surulere,Home & Kitchen,Cutlery Set (24pc),1,11467,11467,Retail
BM-10721,14/04/2025,Port Harcourt,Bloom Mart GRA,Electronics,LED Desk Lamp,2,7130,14260,Retail
BM-10735,14/04/2025,Lagos,Bloom Mart Surulere,Home & Kitchen,Cutlery Set (24pc),1,11467,11467,Retail
BM-10381,14/04/2025,Port Harcourt,Bloom Mart GRA,Electronics,Phone Charger Cable,3,2557,7671,Corporate
BM-10564,15/04/2025,Ibadan,Bloom Mart Bodija,Home & Kitchen,Cutlery Set (24pc),2,12362,24724,Retail
BM-10426,15/04/2025,Abuja,Bloom Mart Garki,Fashion & Apparel,Unisex Cap,1,3214,3214,Retail
BM-10235,15/04/2025,Ibadan,Bloom Mart Bodija,Health & Beauty,Hair Cream,1,4026,4026,Retail
BM-10938,15/04/2025,Abuja,Bloom Mart Garki,Grocery,Vegetable Oil 4L,1,9426,9426,Retail
BM-10702,16/04/2025,Abuja,Bloom Mart Garki,Home & Kitchen,Non-stick Frying Pan,1,8602,8602,Retail
BM-10584,16/04/2025,Abuja,Bloom Mart Garki,Health & Beauty,Body Lotion 400ml,2,4302,8604,Wholesale
BM-10663,16/04/2025,Abuja,Bloom Mart Garki,Electronics,Phone Charger Cable,2,2590,5180,Retail
BM-10725,16/04/2025,Lagos,Bloom Mart Ikeja,Health & Beauty,Body Lotion 400ml,1,3997,3997,Retail
BM-11393,16/04/2025,Port Harcourt,Bloom Mart Rumuola,Electronics,Phone Charger Cable,1,2654,2654,Wholesale
BM-12051,16/04/2025,Lagos,Bloom Mart Lekki,Electronics,Phone Charger Cable,3,2380,7140,Retail
BM-10198,16/04/2025,Ibadan,Bloom Mart Ring Road,Home & Kitchen,Blender 1.5L,1,15743,15743,Retail
BM-11436,17/04/2025,Lagos,Bloom Mart Lekki,Fashion & Apparel,Ankara Fabric (6yds),1,18006,18006,Retail
BM-10708,17/04/2025,Port Harcourt,Bloom Mart GRA,Home & Kitchen,Non-stick Frying Pan,1,8409,8409,Wholesale
BM-11816,17/04/2025,Lagos,Bloom Mart Lekki,Home & Kitchen,Cutlery Set (24pc),2,12269,24538,Wholesale
BM-11091,17/04/2025,Abuja,Bloom Mart Wuse,Electronics,Phone Charger Cable,1,2422,2422,Retail
BM-11178,17/04/2025,Port Harcourt,Bloom Mart GRA,Electronics,Phone Charger Cable,3,2604,7812,Wholesale
BM-10211,18/04/2025,Port Harcourt,Bloom Mart GRA,Electronics,Power Bank 10000mAh,1,14947,14947,Retail
BM-10579,18/04/2025,Lagos,Bloom Mart Lekki,Electronics,Extension Socket,1,6038,6038,Wholesale
BM-10904,18/04/2025,Port Harcourt,Bloom Mart GRA,Electronics,Bluetooth Earphones,1,11713,11713,Retail
BM-10633,18/04/2025,Port Harcourt,Bloom Mart Rumuola,Electronics,Power Bank 10000mAh,1,14247,14247,Retail
BM-11092,18/04/2025,Lagos,Bloom Mart Ikeja,Home & Kitchen,Cutlery Set (24pc),1,12097,12097,Corporate
BM-11473,18/04/2025,Lagos,Bloom Mart Surulere,Fashion & Apparel,Men's Polo Shirt,1,6864,6864,Retail
BM-11201,19/04/2025,Lagos,Bloom Mart Lekki,Health & Beauty,Shea Butter Soap Pack,3,3523,10569,Retail
BM-10661,19/04/2025,Ibadan,Bloom Mart Bodija,Electronics,Phone Charger Cable,1,2687,2687,Retail
BM-10187,19/04/2025,Abuja,Bloom Mart Garki,Home & Kitchen,Electric Kettle,1,10197,10197,Retail
BM-11153,19/04/2025,Port Harcourt,Bloom Mart Rumuola,Toys & Games,Building Blocks Set,1,6240,6240,Retail
BM-10077,19/04/2025,Port Harcourt,Bloom Mart Rumuola,Home & Kitchen,Non-stick Frying Pan,2,9177,18354,Retail
BM-10108,19/04/2025,Ibadan ,Bloom Mart Ring Road,Electronics,Bluetooth Earphones,1,11554,11554,Wholesale
BM-11066,19/04/2025,Lagos,Bloom Mart Ikeja,Home & Kitchen,Non-stick Frying Pan,1,8867,8867,Corporate
BM-11929,20/04/2025,Lagos,Bloom Mart Lekki,Electronics,Power Bank 10000mAh,2,14395,28790,Corporate
BM-10052,20/04/2025,Port Harcourt,Bloom Mart Rumuola,Grocery,Vegetable Oil 4L,1,9543,9543,Wholesale
BM-11289,20/04/2025,Ibadan,Bloom Mart Ring Road,Fashion & Apparel,Kids School Bag,1,8111,8111,Retail
BM-10612,20/04/2025,Port Harcourt,Bloom Mart GRA,Home & Kitchen,Blender 1.5L,1,16487,16487,Retail
BM-10695,20/04/2025,Ibadan,Bloom Mart Bodija,Electronics,Power Bank 10000mAh,2,15086,30172,Retail
BM-10319,20/04/2025,Lagos,Bloom Mart Surulere,Electronics,LED Desk Lamp,0,7573,0,Retail
BM-10612,20/04/2025,Port Harcourt,Bloom Mart GRA,Home & Kitchen,Blender 1.5L,1,16487,16487,Retail
BM-11348,20/04/2025,Port Harcourt,Bloom Mart GRA,Electronics,Power Bank 10000mAh,1,14137,14137,Wholesale
BM-10081,20/04/2025,Abuja,Bloom Mart Wuse,Electronics,Bluetooth Earphones,1,11700,11700,Retail
BM-11760,20/04/2025,Abuja,Bloom Mart Wuse,Health & Beauty,Shea Butter Soap Pack,1,3735,3735,Retail
BM-11933,20/04/2025,Abuja,Bloom Mart Wuse,Electronics,LED Desk Lamp,1,7589,7589,Wholesale
BM-10673,21/04/2025,Lagos,Bloom Mart Lekki,Home & Kitchen,Storage Container Set,1,6235,6235,Retail
BM-10220,21/04/2025,Ibadan,Bloom Mart Bodija,Toys & Games,Building Blocks Set,2,6940,13880,Corporate
BM-11889,21/04/2025, Lagos,Bloom Mart Ikeja,Home & Kitchen,Non-stick Frying Pan,1,8617,8617,Corporate
BM-11855,21/04/2025,Abuja,Bloom Mart Garki,Grocery,Rice 5kg Bag,2,6432,12864,Retail
BM-11590,21/04/2025,Lagos,Bloom Mart Surulere,Home & Kitchen,Non-stick Frying Pan,1,8190,8190,Wholesale
BM-10245,21/04/2025,Lagos,Bloom Mart Surulere,Electronics,LED Desk Lamp,1,7788,7788,Retail
BM-11203,21/04/2025,Lagos,Bloom Mart Ikeja,Office Supplies,Notebook Pack,2,3199,6398,Retail
BM-11096,22/04/2025,Lagos,Bloom Mart Ikeja,Grocery,Rice 5kg Bag,1,6664,6664,Wholesale
BM-12062,22/04/2025,Lagos,Bloom Mart Surulere,Fashion & Apparel,Ankara Fabric (6yds),2,17552,35104,Retail
BM-10278,22/04/2025,Lagos,Bloom Mart Surulere,Electronics,Bluetooth Earphones,1,11697,11697,Retail
BM-10555,22/04/2025,Lagos,Bloom Mart Lekki,Electronics,Bluetooth Earphones,1,10653,10653,Wholesale
BM-10992,22/04/2025,Port Harcourt,Bloom Mart Rumuola,Home & Kitchen,Non-stick Frying Pan,3,8145,24435,Retail
BM-10433,23/04/2025,Lagos,Bloom Mart Surulere,Electronics,Extension Socket,1,5823,5823,Retail
BM-11983,23/04/2025,Lagos,Bloom Mart Surulere,Home & Kitchen,Storage Container Set,1,6697,6697,Retail
BM-10709,23/04/2025,Lagos,Bloom Mart Surulere,Electronics,Power Bank 10000mAh,1,14227,14227,Retail
BM-10593,24/04/2025,Lagos,Bloom Mart Lekki,Electronics,Bluetooth Earphones,1,11355,11355,Retail
BM-10461,24/04/2025,Abuja,Bloom Mart Garki,Home & Kitchen,Cutlery Set (24pc),2,11623,23246,Retail
BM-10186,25/04/2025,Port Harcourt,Bloom Mart GRA,Electronics,Extension Socket,1,6432,6432,Wholesale
BM-10357,25/04/2025,Abuja,Bloom Mart Wuse,Electronics,Extension Socket,1,6169,6169,Corporate
BM-12114,25/04/2025,Port Harcourt,Bloom Mart GRA,Grocery,Tomato Paste (12pk),2,7177,14354,Corporate
BM-10468,26/04/2025,Lagos,Bloom Mart Lekki,Grocery,Sugar 2kg,1,2586,2586,Retail
BM-10570,26/04/2025,Port-Harcourt,Bloom Mart Rumuola,Home & Kitchen,Cutlery Set (24pc),2,12714,25428,Retail
BM-10991,26/04/2025,Port Harcourt,Bloom Mart GRA,Electronics,Extension Socket,3,6126,18378,Retail
BM-10263,27/04/2025,Lagos,Bloom Mart Surulere,Fashion & Apparel,Ladies Sandals,1,9099,9099,Retail
BM-12089,27/04/2025,Lagos,Bloom Mart Lekki,Health & Beauty,Toothpaste (3pk),1,2261,2261,Retail
BM-10298,27/04/2025,Lagos,Bloom Mart Lekki,Fashion & Apparel,Ankara Fabric (6yds),4,18606,74424,Retail
BM-11785,27/04/2025,Ibadan,Bloom Mart Bodija,Fashion & Apparel,Men's Polo Shirt,1,6757,6757,Retail
BM-11928,27/04/2025,Abuja,Bloom Mart Garki,Electronics,Phone Charger Cable,1,2507,2507,Retail
BM-10030,27/04/2025,Lagos,Bloom Mart Surulere,Health & Beauty,Toothpaste (3pk),1,2006,2006,Corporate
BM-10221,28/04/2025,Lagos,Bloom Mart Ikeja,Fashion & Apparel,Men's Polo Shirt,1,7229,7229,Retail
BM-10883,28/04/2025,Lagos,Bloom Mart Ikeja,Fashion & Apparel,Unisex Cap,1,3224,3224,Retail
BM-10436,28/04/2025,Port Harcourt,Bloom Mart GRA,Electronics,Extension Socket,1,6275,6275,Retail
BM-10150,28/04/2025,Abuja,Bloom Mart Wuse,Electronics,LED Desk Lamp,2,7286,14572,Retail
BM-10407,28/04/2025,Lagos,Bloom Mart Lekki,Fashion & Apparel,Ankara Fabric (6yds),1,17539,17539,Retail
BM-11533,29/04/2025,Lagos,Bloom Mart Lekki,Grocery,Sugar 2kg,1,2698,2698,Retail
BM-10857,29/04/2025,Lagos,Bloom Mart Lekki,Grocery,Vegetable Oil 4L,1,8768,8768,Retail
BM-11605,29/04/2025,Lagos,Bloom Mart Ikeja,Home & Kitchen,Blender 1.5L,4,14847,59388,Wholesale
BM-11432,29/04/2025,Ibadan,Bloom Mart Bodija,Home & Kitchen,Electric Kettle,1,9131,9131,Corporate
BM-10666,29/04/2025,Port Harcourt,Bloom Mart Rumuola,Toys & Games,Puzzle Game,2,4242,8484,Wholesale
BM-11501,29/04/2025,Port Harcourt,Bloom Mart Rumuola,Grocery,Rice 5kg Bag,1,6248,6248,Retail
BM-10457,29/04/2025,Port Harcourt,Bloom Mart Rumuola,Electronics,Bluetooth Earphones,1,11117,11117,
BM-11432,29/04/2025,Ibadan,Bloom Mart Bodija,Home & Kitchen,Electric Kettle,1,9131,9131,Corporate
BM-11499,29/04/2025,Lagos,Bloom Mart Surulere,Electronics,Power Bank 10000mAh,1,15209,15209,Retail
BM-10659,30/04/2025,Abuja,Bloom Mart Garki,Toys & Games,Puzzle Game,1,3900,3900,Retail
BM-10446,30/04/2025,Port Harcourt,Bloom Mart GRA,Electronics,Extension Socket,1,6316,6316,Retail
BM-10872,30/04/2025,Abuja,Bloom Mart Garki,Home & Kitchen,Cutlery Set (24pc),2,12851,25702,Retail
BM-12112,30/04/2025,Abuja,Bloom Mart Garki,Electronics,Phone Charger Cable,1,2655,2655,Wholesale
BM-11679,30/04/2025,Lagos,Bloom Mart Ikeja,Grocery,Sugar 2kg,2,2489,4978,Corporate
BM-11175,30/04/2025,Lagos,Bloom Mart Surulere,Fashion & Apparel,Ankara Fabric (6yds),2,17352,34704,Retail
BM-10368,01/05/2025,Lagos,Bloom Mart Surulere,Home & Kitchen,Electric Kettle,1,9694,9694,Retail
BM-12049,01/05/2025,Lagos,Bloom Mart Lekki,Health & Beauty,Shea Butter Soap Pack,1,3519,3519,Retail
BM-11984,01/05/2025,Lagos,Bloom Mart Surulere,Home & Kitchen,Cutlery Set (24pc),2,12598,25196,Retail
BM-10825,02/05/2025,Abuja,Bloom Mart Garki,Electronics,LED Desk Lamp,4,7426,29704,Corporate
BM-10968,02/05/2025,Abuja,Bloom Mart Garki,Grocery,Vegetable Oil 4L,2,9124,18248,Retail
BM-11349,02/05/2025,Abuja,Bloom Mart Wuse,Home & Kitchen,Electric Kettle,1,9232,9232,Wholesale
BM-10206,02/05/2025,Port Harcourt,Bloom Mart Rumuola,Home & Kitchen,Non-stick Frying Pan,1,8207,8207,Retail
BM-10058,02/05/2025,Lagos,Bloom Mart Lekki,Electronics,Bluetooth Earphones,2,10470,20940,Wholesale
BM-11730,02/05/2025,Port Harcourt,Bloom Mart Rumuola,Electronics,LED Desk Lamp,2,7586,15172,Wholesale
BM-10222,02/05/2025,Ibadan,Bloom Mart Ring Road,Home & Kitchen,Cutlery Set (24pc),1,12726,12726,Retail
BM-10086,02/05/2025,Abuja,Bloom Mart Wuse,Grocery,Spaghetti Carton,1,11314,11314,Corporate
BM-11373,02/05/2025,Ibadan,Bloom Mart Ring Road,Health & Beauty,Body Lotion 400ml,1,4413,4413,
BM-12067,03/05/2025,Abuja,Bloom Mart Wuse,Toys & Games,Puzzle Game,1,3836,3836,Corporate
BM-11356,03/05/2025,Abuja,Bloom Mart Wuse,Grocery,Sugar 2kg,1,2578,2578,Corporate
BM-10348,03/05/2025,Abuja,Bloom Mart Wuse,Home & Kitchen,Blender 1.5L,2,16566,33132,Retail
BM-10303,03/05/2025,Abuja,Bloom Mart Garki,Electronics,Bluetooth Earphones,2,11547,23094,Retail
BM-11264,03/05/2025,Lagos,Bloom Mart Lekki,Grocery,Rice 5kg Bag,1,6257,6257,Wholesale
BM-10925,03/05/2025,Abuja,Bloom Mart Wuse,Grocery,Spaghetti Carton,1,12029,12029,Retail
BM-12067,03/05/2025,Abuja,Bloom Mart Wuse,Toys & Games,Puzzle Game,1,3836,3836,Corporate
BM-11939,04/05/2025,Port Harcourt,Bloom Mart Rumuola,Health & Beauty,Toothpaste (3pk),1,2011,2011,Retail
BM-11302,04/05/2025,Abuja,Bloom Mart Wuse,Home & Kitchen,Electric Kettle,1,9903,9903,Retail
BM-10836,04/05/2025,Port Harcourt,Bloom Mart Rumuola,Home & Kitchen,Blender 1.5L,1,15933,15933,Retail
BM-11216,04/05/2025,lagos,Bloom Mart Surulere,Grocery,Sugar 2kg,1,2601,2601,Retail
BM-10473,04/05/2025,Abuja,Bloom Mart Garki,Grocery,Vegetable Oil 4L,1,9440,9440,Retail
BM-10965,04/05/2025,Lagos,Bloom Mart Ikeja,Electronics,Extension Socket,2,5734,11468,Corporate
BM-10847,04/05/2025,Abuja,Bloom Mart Wuse,Office Supplies,Ballpoint Pens (10pk),1,1557,1557,
BM-10587,05/05/2025,Abuja,Bloom Mart Wuse,Fashion & Apparel,Ankara Fabric (6yds),2,17770,35540,Wholesale
BM-11724,05/05/2025,Lagos,Bloom Mart Lekki,Grocery,Vegetable Oil 4L,2,8870,17740,Retail
BM-11017,05/05/2025,Port Harcourt,Bloom Mart Rumuola,Grocery,Sugar 2kg,2,2721,5442,Retail
BM-11696,05/05/2025,Lagos,Bloom Mart Lekki,Home & Kitchen,Blender 1.5L,2,16694,33388,Corporate
BM-10248,05/05/2025,Port Harcourt,Bloom Mart GRA,Fashion & Apparel,Unisex Cap,1,2919,2919,Retail
BM-11439,06/05/2025,Lagos,Bloom Mart Lekki,Grocery,Vegetable Oil 4L,5,9551,47755,Retail
BM-11028,06/05/2025,Lagos,Bloom Mart Ikeja,Home & Kitchen,Electric Kettle,1,9721,9721,Retail
BM-10634,06/05/2025,Abuja,Bloom Mart Garki,Home & Kitchen,Non-stick Frying Pan,1,8524,8524,Corporate
BM-10160,06/05/2025,Lagos,Bloom Mart Lekki,Office Supplies,A4 Paper Ream,4,5064,20256,Retail
BM-11025,06/05/2025,Abuja,Bloom Mart Garki,Electronics,Phone Charger Cable,2,2508,5016,Corporate
BM-10079,06/05/2025,Abuja,Bloom Mart Garki,Office Supplies,Notebook Pack,1,3264,3264,Wholesale
BM-11005,06/05/2025,Port Harcourt,Bloom Mart GRA,Grocery,Spaghetti Carton,1,12366,12366,Retail
BM-11060,06/05/2025,Lagos,Bloom Mart Ikeja,Fashion & Apparel,Ankara Fabric (6yds),1,19352,19352,Wholesale
BM-12012,07/05/2025,Ibadan,Bloom Mart Ring Road,Fashion & Apparel,Kids School Bag,3,8395,25185,Corporate
BM-11086,07/05/2025,lagos,Bloom Mart Ikeja,Fashion & Apparel,Men's Polo Shirt,3,7077,21231,
BM-12043,07/05/2025,Abuja,Bloom Mart Wuse,Home & Kitchen,Blender 1.5L,1,16543,16543,Retail
BM-11555,07/05/2025,Ibadan,Bloom Mart Bodija,Home & Kitchen,Cutlery Set (24pc),1,11570,11570,Corporate
BM-11597,07/05/2025,Port Harcourt,Bloom Mart GRA,Fashion & Apparel,Men's Polo Shirt,2,6821,13642,Corporate
BM-10170,07/05/2025,Port Harcourt,Bloom Mart GRA,Home & Kitchen,Cutlery Set (24pc),1,12875,12875,Retail
BM-11221,07/05/2025,Ibadan,Bloom Mart Ring Road,Grocery,Spaghetti Carton,1,11558,11558,Wholesale
BM-11211,08/05/2025,Abuja,Bloom Mart Garki,Home & Kitchen,Non-stick Frying Pan,1,8206,8206,Corporate
BM-11341,08/05/2025,Lagos,Bloom Mart Ikeja,Grocery,Sugar 2kg,1,2588,2588,Retail
BM-11870,08/05/2025,Port Harcourt,Bloom Mart Rumuola,Grocery,Spaghetti Carton,3,12371,37113,Retail
BM-10511,08/05/2025,Port Harcourt,Bloom Mart GRA,Home & Kitchen,Blender 1.5L,3,15418,46254,Retail
BM-11529,08/05/2025,Ibadan,Bloom Mart Bodija,Grocery,Spaghetti Carton,1,12351,12351,Wholesale
BM-10819,08/05/2025,Abuja,Bloom Mart Wuse,Fashion & Apparel,Unisex Cap,2,2978,5956,Retail
BM-10655,08/05/2025,Lagos,Bloom Mart Lekki,Health & Beauty,Shea Butter Soap Pack,1,3725,3725,Corporate
BM-10326,09/05/2025,Abuja,Bloom Mart Wuse,Grocery,Vegetable Oil 4L,3,9078,27234,Wholesale
BM-11544,09/05/2025,Lagos,Bloom Mart Ikeja,Home & Kitchen,Electric Kettle,3,9885,29655,Retail
BM-10199,09/05/2025,PH,Bloom Mart GRA,Fashion & Apparel,Men's Polo Shirt,1,6735,6735,Corporate
BM-11319,10/05/2025,Lagos,Bloom Mart Ikeja,Home & Kitchen,Storage Container Set,1,6378,6378,Wholesale
BM-11748,10/05/2025,Abuja,Bloom Mart Wuse,Fashion & Apparel,Ladies Sandals,1,10147,10147,Retail
BM-11859,10/05/2025,Abuja,Bloom Mart Wuse,Grocery,Rice 5kg Bag,1,6324,6324,Retail
BM-10539,10/05/2025,Abuja,Bloom Mart Wuse,Toys & Games,Building Blocks Set,1,6788,6788,Retail
BM-11170,10/05/2025,Lagos,Bloom Mart Ikeja,Home & Kitchen,Storage Container Set,1,6467,6467,Wholesale
BM-11562,10/05/2025,Lagos,Bloom Mart Ikeja,Fashion & Apparel,Unisex Cap,1,3175,3175,Corporate
BM-11219,10/05/2025,Abuja,Bloom Mart Wuse,Home & Kitchen,Non-stick Frying Pan,1,8593,8593,Wholesale
BM-10261,10/05/2025,lagos,Bloom Mart Ikeja,Electronics,Power Bank 10000mAh,1,15468,15468,Retail
BM-11186,10/05/2025,Lagos,Bloom Mart Lekki,Electronics,Phone Charger Cable,1,2496,2496,Retail
BM-10397,11/05/2025,Abuja,Bloom Mart Wuse,Fashion & Apparel,Ladies Sandals,1,9848,9848,Wholesale
BM-11823,11/05/2025,Lagos,Bloom Mart Lekki,Grocery,Rice 5kg Bag,1,6515,6515,Retail
BM-10179,11/05/2025,Lagos,Bloom Mart Surulere,Home & Kitchen,Blender 1.5L,1,15346,15346,Retail
BM-10738,12/05/2025,Ibadan,Bloom Mart Ring Road,Electronics,Bluetooth Earphones,2,11204,22408,Retail
BM-11021,12/05/2025,Abuja,Bloom Mart Wuse,Home & Kitchen,Cutlery Set (24pc),1,11964,11964,Corporate
BM-11129,12/05/2025,Port Harcourt,Bloom Mart GRA,Home & Kitchen,Storage Container Set,1,6705,6705,Corporate
BM-11077,12/05/2025,Abuja,Bloom Mart Garki,Home & Kitchen,Storage Container Set,1,6253,6253,Retail
BM-12019,12/05/2025,Lagos,Bloom Mart Surulere,Grocery,Sugar 2kg,2,2480,4960,Corporate
BM-10822,12/05/2025,Port Harcourt,Bloom Mart GRA,Grocery,Sugar 2kg,2,2631,5262,Retail
BM-10676,12/05/2025,Abuja,Bloom Mart Wuse,Home & Kitchen,Electric Kettle,1,10012,10012,Corporate
BM-10144,12/05/2025,Lagos,Bloom Mart Lekki,Electronics,Power Bank 10000mAh,1,14925,14925,
BM-11204,13/05/2025,Ibadan,Bloom Mart Ring Road,Home & Kitchen,Blender 1.5L,1,15372,15372,Corporate
BM-10042,13/05/2025,Lagos,Bloom Mart Surulere,Home & Kitchen,Storage Container Set,1,6966,6966,Retail
BM-11837,13/05/2025,Abuja,Bloom Mart Garki,Electronics,Extension Socket,2,5914,11828,Corporate
BM-11317,13/05/2025,Abuja,Bloom Mart Wuse,Fashion & Apparel,Kids School Bag,2,8544,17088,Retail
BM-11245,14/05/2025,Ibadan,Bloom Mart Bodija,Home & Kitchen,Electric Kettle,2,9982,19964,Wholesale
BM-10375,14/05/2025,Port Harcourt,Bloom Mart Rumuola,Fashion & Apparel,Kids School Bag,1,8359,8359,Corporate
BM-11799,14/05/2025,Lagos,Bloom Mart Lekki,Home & Kitchen,Non-stick Frying Pan,2,8426,16852,Retail
BM-11775,14/05/2025,Lagos,Bloom Mart Surulere,Electronics,Power Bank 10000mAh,2,14374,28748,Wholesale
BM-11786,14/05/2025,Ibadan,Bloom Mart Bodija,Home & Kitchen,Blender 1.5L,1,16035,16035,Retail
BM-11691,14/05/2025,Lagos,Bloom Mart Ikeja,Fashion & Apparel,Ladies Sandals,1,9836,9836,Corporate
BM-11900,14/05/2025,Abuja,Bloom Mart Wuse,Toys & Games,Puzzle Game,1,3913,3913,Wholesale
BM-10394,14/05/2025,Lagos,Bloom Mart Lekki,Fashion & Apparel,Ladies Sandals,1,9386,9386,Corporate
BM-11065,15/05/2025,Abuja,Bloom Mart Garki,Fashion & Apparel,Ladies Sandals,1,10152,10152,Retail
BM-11868,15/05/2025,Abuja,Bloom Mart Garki,Electronics,Extension Socket,1,6260,6260,Corporate
BM-10729,15/05/2025,Lagos,Bloom Mart Ikeja,Home & Kitchen,Cutlery Set (24pc),4,11807,47228,Retail
BM-10889,15/05/2025,Abuja,Bloom Mart Wuse,Fashion & Apparel,Ladies Sandals,1,9412,9412,Retail
BM-10290,15/05/2025,Abuja,Bloom Mart Wuse,Home & Kitchen,Blender 1.5L,3,15477,46431,Retail
BM-11296,15/05/2025,Ibadan,Bloom Mart Bodija,Home & Kitchen,Blender 1.5L,2,16577,33154,Retail
BM-10483,15/05/2025,Abuja,Bloom Mart Wuse,Grocery,Rice 5kg Bag,3,6325,18975,Retail
BM-10793,15/05/2025,Ibadan,Bloom Mart Bodija,Fashion & Apparel,Ladies Sandals,1,9868,9868,Retail
BM-10629,15/05/2025,Port Harcourt,Bloom Mart Rumuola,Electronics,Extension Socket,1,6415,6415,
BM-10720,15/05/2025,Lagos,Bloom Mart Lekki,Home & Kitchen,Blender 1.5L,2,16728,33456,Retail
BM-10059,16/05/2025,Port Harcourt,Bloom Mart GRA,Fashion & Apparel,Kids School Bag,4,8478,33912,Retail
BM-12015,16/05/2025,Ibadan,Bloom Mart Bodija,Home & Kitchen,Storage Container Set,1,6243,6243,Corporate
BM-11152,16/05/2025,Abuja,Bloom Mart Wuse,Grocery,Rice 5kg Bag,1,6092,6092,Retail
BM-10333,16/05/2025,Lagos,Bloom Mart Lekki,Grocery,Vegetable Oil 4L,1,8962,8962,Retail
BM-11639,16/05/2025,Ibadan,Bloom Mart Ring Road,Fashion & Apparel,Unisex Cap,2,3083,6166,Retail
BM-10522,16/05/2025,lagos,Bloom Mart Lekki,Grocery,Vegetable Oil 4L,2,8752,17504,Retail
BM-10361,17/05/2025,Port Harcourt,Bloom Mart GRA,Electronics,Phone Charger Cable,1,2612,2612,Retail
BM-10913,17/05/2025,Abuja,Bloom Mart Wuse,Health & Beauty,Body Lotion 400ml,2,4374,8748,Retail
BM-12007,17/05/2025,Port Harcourt,Bloom Mart Rumuola,Electronics,Extension Socket,1,6231,6231,Retail
BM-10808,17/05/2025,Ibadan,Bloom Mart Bodija,Grocery,Tomato Paste (12pk),1,7431,7431,Retail
BM-10623,17/05/2025,Abuja,Bloom Mart Wuse,Electronics,Bluetooth Earphones,1,10596,10596,Retail
BM-11952,17/05/2025,Abuja,Bloom Mart Wuse,Home & Kitchen,Blender 1.5L,1,16145,16145,Corporate
BM-11835,18/05/2025,Ibadan,Bloom Mart Ring Road,Grocery,Sugar 2kg,2,2664,5328,Wholesale
BM-12036,18/05/2025,Lagos,Bloom Mart Ikeja,Home & Kitchen,Blender 1.5L,2,14779,29558,Corporate
BM-10907,18/05/2025,Abuja,Bloom Mart Garki,Toys & Games,Puzzle Game,1,4028,4028,Wholesale
BM-11942,18/05/2025,Abuja,Bloom Mart Wuse,Home & Kitchen,Cutlery Set (24pc),1,12439,12439,Retail
BM-11166,19/05/2025,Lagos,Bloom Mart Lekki,Electronics,LED Desk Lamp,1,7476,7476,Wholesale
BM-10807,19/05/2025,Ibadan,Bloom Mart Bodija,Fashion & Apparel,Ankara Fabric (6yds),1,18633,18633,Retail
BM-10099,19/05/2025,Port Harcourt,Bloom Mart Rumuola,Grocery,Tomato Paste (12pk),1,7572,7572,Wholesale
BM-11578,19/05/2025,Abuja,Bloom Mart Wuse,Health & Beauty,Body Lotion 400ml,1,4012,4012,Wholesale
BM-11375,19/05/2025,Lagos,Bloom Mart Surulere,Grocery,Tomato Paste (12pk),1,7634,7634,Retail
BM-11445,19/05/2025,Lagos,Bloom Mart Lekki,Grocery,Tomato Paste (12pk),1,7430,7430,Corporate
BM-11961,19/05/2025,Port Harcourt,Bloom Mart Rumuola,Fashion & Apparel,Ladies Sandals,1,9793,9793,Retail
BM-11664,20/05/2025,Ibadan,Bloom Mart Ring Road,Fashion & Apparel,Ankara Fabric (6yds),1,18870,18870,Corporate
BM-10839,20/05/2025,Port Harcourt,Bloom Mart GRA,fashion & apparel ,Ladies Sandals,1,10234,10234,Retail
BM-11447,20/05/2025,Lagos,Bloom Mart Surulere,Home & Kitchen,Cutlery Set (24pc),1,11799,11799,Retail
BM-10667,21/05/2025,Ibadan,,Grocery,Tomato Paste (12pk),1,7729,7729,Wholesale
BM-10789,21/05/2025,Ibadan,Bloom Mart Bodija,Grocery,Spaghetti Carton,1,11431,11431,Retail
BM-10264,21/05/2025,Lagos,Bloom Mart Lekki,Electronics,Power Bank 10000mAh,1,14506,14506,Wholesale
BM-10618,21/05/2025,Abuja,Bloom Mart Garki,Grocery,Vegetable Oil 4L,1,9457,9457,Retail
BM-11535,22/05/2025,Ibadan,Bloom Mart Ring Road,Home & Kitchen,Storage Container Set,1,6949,6949,Retail
BM-12122,22/05/2025,Lagos,Bloom Mart Ikeja,Grocery,Spaghetti Carton,1,11651,11651,Retail
BM-10765,22/05/2025,Abuja,Bloom Mart Garki,Electronics,Extension Socket,1,6148,6148,Corporate
BM-11481,23/05/2025,Abuja,Bloom Mart Wuse,Home & Kitchen,Storage Container Set,1,6242,6242,Wholesale
BM-10424,23/05/2025,Ibadan,Bloom Mart Ring Road,Grocery,Vegetable Oil 4L,1,9385,9385,Retail
BM-12090,23/05/2025,Lagos,Bloom Mart Lekki,Health & Beauty,Body Lotion 400ml,1,4466,4466,Retail
BM-10149,23/05/2025,Port Harcourt,Bloom Mart Rumuola,Electronics,Extension Socket,2,6060,12120,Retail
BM-10800,23/05/2025,Abuja,Bloom Mart Wuse,Electronics,Bluetooth Earphones,2,11276,22552,Wholesale
BM-11488,23/05/2025,Lagos,Bloom Mart Surulere,Electronics,Extension Socket,3,6094,18282,Wholesale
BM-10750,23/05/2025,Lagos,Bloom Mart Surulere,Health & Beauty,Body Lotion 400ml,4,4265,17060,Retail
BM-11899,23/05/2025,Lagos,Bloom Mart Surulere,Home & Kitchen,Electric Kettle,1,9442,9442,Corporate
BM-12078,24/05/2025,Abuja,Bloom Mart Wuse,Grocery,Spaghetti Carton,1,12195,12195,Retail
BM-10924,24/05/2025,Port Harcourt,Bloom Mart Rumuola,Electronics,Extension Socket,2,5818,11636,Wholesale
BM-10254,24/05/2025,Lagos,Bloom Mart Surulere,Health & Beauty,Body Lotion 400ml,1,4477,4477,Retail
BM-10990,24/05/2025,Ibadan,Bloom Mart Bodija,Fashion & Apparel,Kids School Bag,2,8206,16412,Wholesale
BM-10494,25/05/2025,Port Harcourt,Bloom Mart GRA,Electronics,Phone Charger Cable,1,2506,2506,Retail
BM-10871,25/05/2025,Lagos,Bloom Mart Ikeja,Electronics,Bluetooth Earphones,1,11333,11333,Retail
BM-10163,25/05/2025,Abuja,Bloom Mart Garki,Home & Kitchen,Non-stick Frying Pan,1,8418,8418,Corporate
BM-11630,25/05/2025,Port Harcourt,Bloom Mart Rumuola,Fashion & Apparel,Kids School Bag,1,8482,8482,Corporate
BM-11461,25/05/2025,Lagos,Bloom Mart Surulere,Fashion & Apparel,Unisex Cap,1,2937,2937,Retail
BM-10557,26/05/2025,Port Harcourt,Bloom Mart GRA,Electronics,Bluetooth Earphones,2,11200,22400,Retail
BM-10147,26/05/2025,Lagos,Bloom Mart Surulere,Home & Kitchen,Electric Kettle,1,9263,9263,Retail
BM-11243,26/05/2025,Ibadan,Bloom Mart Bodija,Fashion & Apparel,Ladies Sandals,2,9268,18536,Retail
BM-10568,26/05/2025,Abuja,Bloom Mart Wuse,Electronics,Extension Socket,1,5758,5758,Retail
BM-10546,26/05/2025,Lagos,Bloom Mart Ikeja,Office Supplies,Ballpoint Pens (10pk),2,1552,3104,Corporate
BM-12086,27/05/2025,Abuja,Bloom Mart Wuse,Electronics,LED Desk Lamp,1,7371,7371,Corporate
BM-10574,27/05/2025,Abuja,Bloom Mart Wuse,Electronics,Extension Socket,1,6408,6408,Wholesale
BM-11301,27/05/2025,Port Harcourt,Bloom Mart Rumuola,Electronics,Phone Charger Cable,1,2446,2446,Retail
BM-11598,27/05/2025,Ibadan,Bloom Mart Ring Road,Electronics,Power Bank 10000mAh,1,14578,14578,Retail
BM-11582,28/05/2025,Lagos,Bloom Mart Surulere,Grocery,Spaghetti Carton,1,10965,10965,Wholesale
BM-11591,28/05/2025,Ibadan,Bloom Mart Bodija,Office Supplies,Notebook Pack,1,3408,3408,Retail
BM-10053,28/05/2025,Abuja,Bloom Mart Garki,Home & Kitchen,Storage Container Set,1,6409,6409,Retail
BM-10724,28/05/2025,Abuja,Bloom Mart Garki,Electronics,Extension Socket,1,6378,6378,Retail
BM-11269,29/05/2025,Ibadan,Bloom Mart Ring Road,Grocery,Tomato Paste (12pk),5,7365,36825,Retail
BM-11052,29/05/2025,Lagos,Bloom Mart Surulere,Grocery,Tomato Paste (12pk),1,7658,7658,Retail
BM-11510,29/05/2025,Lagos,Bloom Mart Surulere,Health & Beauty,Body Lotion 400ml,1,4303,4303,Retail
BM-11904,29/05/2025,Lagos,Bloom Mart Lekki,Health & Beauty,Toothpaste (3pk),2,2182,4364,Wholesale
BM-11615,29/05/2025,Ibadan,Bloom Mart Bodija,Home & Kitchen,Non-stick Frying Pan,2,8763,17526,Wholesale
BM-10562,30/05/2025,Abuja,Bloom Mart Garki,Health & Beauty,Body Lotion 400ml,3,4119,12357,Retail
BM-10337,30/05/2025,Lagos,Bloom Mart Surulere,Office Supplies,A4 Paper Ream,1,4947,4947,Retail
BM-10054,30/05/2025,Abuja,Bloom Mart Wuse,Fashion & Apparel,Kids School Bag,1,8114,8114,Retail
BM-10192,30/05/2025,Lagos,Bloom Mart Lekki,Health & Beauty,Hair Cream,5,3951,19755,
BM-11851,30/05/2025,Abuja,Bloom Mart Wuse,Grocery,Vegetable Oil 4L,3,8779,26337,Retail
BM-12125,30/05/2025,lagos,Bloom Mart Ikeja,Home & Kitchen,Non-stick Frying Pan,1,8938,8938,Retail
BM-11686,30/05/2025,Abuja,Bloom Mart Wuse,Electronics,Bluetooth Earphones,2,10786,21572,Wholesale
BM-10109,31/05/2025,Lagos,Bloom Mart Lekki,Electronics,Extension Socket,2,6364,12728,Wholesale
BM-10689,31/05/2025,Abuja,Bloom Mart Garki,Fashion & Apparel,Kids School Bag,2,8899,17798,Retail
BM-10109,31/05/2025,Lagos,Bloom Mart Lekki,Electronics,Extension Socket,2,6364,12728,Wholesale
BM-10305,31/05/2025,Port Harcourt,Bloom Mart GRA,Electronics,Phone Charger Cable,1,2385,2385,Wholesale
BM-10592,31/05/2025,Abuja,Bloom Mart Wuse,Home & Kitchen,Electric Kettle,3,10153,30459,Corporate
BM-10528,01/06/2025,Abuja,Bloom Mart Garki,Office Supplies,Ballpoint Pens (10pk),1,1454,1454,Retail
BM-12106,01/06/2025,Port Harcourt,Bloom Mart Rumuola,Health & Beauty,Body Lotion 400ml,1,4406,4406,Wholesale
BM-11310,01/06/2025,Lagos,Bloom Mart Ikeja,Home & Kitchen,Cutlery Set (24pc),1,11746,11746,Retail
BM-10229,01/06/2025,Abuja,Bloom Mart Wuse,Grocery,Spaghetti Carton,3,11226,33678,Corporate
BM-11019,01/06/2025,Lagos,Bloom Mart Lekki,Health & Beauty,Toothpaste (3pk),2,2184,4368,Retail
BM-11343,01/06/2025,Abuja,Bloom Mart Garki,Home & Kitchen,Non-stick Frying Pan,1,8603,8603,Retail
BM-10492,01/06/2025,Abuja,Bloom Mart Wuse,Fashion & Apparel,Ankara Fabric (6yds),1,18209,18209,Retail
BM-11805,01/06/2025,Ibadan,Bloom Mart Bodija,Grocery,Vegetable Oil 4L,1,8981,8981,Retail
BM-11658,01/06/2025,Ibadan,Bloom Mart Ring Road,Electronics,LED Desk Lamp,2,7925,15850,Retail
BM-10035,02/06/2025,Abuja,Bloom Mart Wuse,Electronics,LED Desk Lamp,1,7444,7444,Retail
BM-10347,02/06/2025,Lagos,Bloom Mart Surulere,Grocery,Rice 5kg Bag,1,6595,6595,Corporate
BM-11867,02/06/2025,Abuja,Bloom Mart Wuse,Grocery,Rice 5kg Bag,1,6147,6147,Wholesale
BM-11383,02/06/2025,Ibadan,Bloom Mart Bodija,Electronics,Bluetooth Earphones,2,11387,22774,Wholesale
BM-11957,02/06/2025,Lagos,Bloom Mart Ikeja,Electronics,Power Bank 10000mAh,1,15037,15037,
BM-10133,02/06/2025,Ibadan,Bloom Mart Ring Road,Grocery,Tomato Paste (12pk),2,7299,14598,Corporate
BM-10085,02/06/2025, Lagos,Bloom Mart Ikeja,Home & Kitchen,Cutlery Set (24pc),1,11401,11401,Corporate
BM-10085,02/06/2025, Lagos,Bloom Mart Ikeja,Home & Kitchen,Cutlery Set (24pc),1,11401,11401,Corporate
BM-10677,02/06/2025,Ibadan,Bloom Mart Ring Road,Fashion & Apparel,Men's Polo Shirt,2,6841,13682,Retail
BM-11113,02/06/2025,Abuja,Bloom Mart Wuse,Office Supplies,A4 Paper Ream,2,4881,9762,Retail
BM-11452,02/06/2025,Abuja,Bloom Mart Garki,Home & Kitchen,Storage Container Set,1,6195,6195,Wholesale
BM-10157,02/06/2025,Lagos,Bloom Mart Ikeja,Grocery,Vegetable Oil 4L,1,8784,8784,Corporate
BM-10097,03/06/2025,Port-Harcourt,Bloom Mart GRA,Home & Kitchen,Non-stick Frying Pan,1,8649,8649,Wholesale
BM-10602,03/06/2025,Lagos,Bloom Mart Surulere,Home & Kitchen,Cutlery Set (24pc),1,11828,11828,Corporate
BM-11238,03/06/2025,Port Harcourt,Bloom Mart Rumuola,Electronics,Bluetooth Earphones,1,11334,11334,Corporate
BM-11168,04/06/2025,Lagos,Bloom Mart Surulere,Grocery,Vegetable Oil 4L,1,9525,9525,Retail
BM-10472,04/06/2025,Port Harcourt,Bloom Mart Rumuola,Electronics,Bluetooth Earphones,1,10470,10470,Retail
BM-10131,04/06/2025,Lagos,Bloom Mart Ikeja,Fashion & Apparel,Ankara Fabric (6yds),5,18627,93135,Wholesale
BM-11494,04/06/2025,Port Harcourt,Bloom Mart Rumuola,Electronics,Power Bank 10000mAh,3,15494,46482,Wholesale
BM-10628,04/06/2025,Abuja,Bloom Mart Wuse,Home & Kitchen,Storage Container Set,1,6669,6669,Wholesale
BM-10999,04/06/2025,ABUJA,Bloom Mart Wuse,Fashion & Apparel,Ankara Fabric (6yds),1,17831,17831,Retail
BM-11236,04/06/2025,Lagos,Bloom Mart Ikeja,Fashion & Apparel,Ladies Sandals,2,9162,18324,Retail
BM-11295,05/06/2025,Port Harcourt,Bloom Mart Rumuola,Grocery,Rice 5kg Bag,2,6314,12628,Retail
BM-10880,05/06/2025,Port Harcourt,Bloom Mart GRA,Electronics,Phone Charger Cable,1,2682,2682,Retail
BM-11919,05/06/2025,Abuja,Bloom Mart Garki,Office Supplies,A4 Paper Ream,1,4813,4813,Retail
BM-10820,05/06/2025,Port Harcourt,Bloom Mart Rumuola,Fashion & Apparel,Ladies Sandals,1,9793,9793,Wholesale
BM-11628,05/06/2025,Port Harcourt,Bloom Mart GRA,Electronics,Phone Charger Cable,1,2543,2543,Retail
BM-10189,06/06/2025,Lagos,Bloom Mart Ikeja,Electronics,Phone Charger Cable,1,2625,2625,Wholesale
BM-10161,06/06/2025,Abuja,Bloom Mart Wuse,Home & Kitchen,Blender 1.5L,4,16726,66904,Retail
BM-10490,06/06/2025,Abuja,Bloom Mart Wuse,Fashion & Apparel,Ankara Fabric (6yds),2,18277,36554,Retail
BM-11975,06/06/2025,Abuja,Bloom Mart Wuse,Electronics,Phone Charger Cable,2,2443,4886,Retail
BM-11549,06/06/2025,Abuja,Bloom Mart Wuse,Fashion & Apparel,Men's Polo Shirt,1,7313,7313,Retail
BM-10840,06/06/2025,Lagos,Bloom Mart Surulere,Electronics,Power Bank 10000mAh,1,14039,14039,Corporate
BM-10959,06/06/2025,Port Harcourt,Bloom Mart Rumuola,Home & Kitchen,Blender 1.5L,1,15068,15068,Corporate
BM-11987,07/06/2025,Ibadan,Bloom Mart Ring Road,Home & Kitchen,Cutlery Set (24pc),0,11576,0,Retail
BM-11359,07/06/2025,Ibadan,Bloom Mart Ring Road,Grocery,Vegetable Oil 4L,1,8916,8916,Wholesale
BM-11417,07/06/2025, Lagos,Bloom Mart Surulere,Electronics,Phone Charger Cable,1,2519,2519,Corporate
BM-11311,07/06/2025,Port Harcourt,Bloom Mart Rumuola,Electronics,Phone Charger Cable,2,2413,4826,Corporate
BM-11700,08/06/2025,Lagos,Bloom Mart Lekki,Fashion & Apparel,Men's Polo Shirt,1,7096,7096,Corporate
BM-11972,08/06/2025,Abuja,,Home & Kitchen,Blender 1.5L,1,16457,16457,Wholesale
BM-11229,08/06/2025,Ibadan,Bloom Mart Bodija,Toys & Games,Puzzle Game,1,3810,3810,Retail
BM-11270,08/06/2025,Ibadan,Bloom Mart Ring Road,Home & Kitchen,Blender 1.5L,1,15320,15320,Wholesale
BM-10388,08/06/2025,Lagos,Bloom Mart Ikeja,Grocery,Tomato Paste (12pk),1,7300,7300,Retail
BM-10781,08/06/2025,Abuja,Bloom Mart Wuse,Electronics,Extension Socket,4,6455,25820,Wholesale
BM-10572,09/06/2025,Abuja,Bloom Mart Wuse,Fashion & Apparel,Ankara Fabric (6yds),3,18288,54864,Wholesale
BM-11920,09/06/2025,Ibadan,Bloom Mart Ring Road,Health & Beauty,Toothpaste (3pk),1,2136,2136,Wholesale
BM-10926,10/06/2025,Lagos,Bloom Mart Ikeja,Electronics,LED Desk Lamp,2,8013,16026,Corporate
BM-10471,10/06/2025,Lagos,Bloom Mart Lekki,Home & Kitchen,Non-stick Frying Pan,1,8154,8154,Retail
BM-10380,10/06/2025,Abuja,Bloom Mart Wuse,Fashion & Apparel,Ankara Fabric (6yds),1,17484,17484,Retail
BM-11670,10/06/2025,Port Harcourt,Bloom Mart GRA,Home & Kitchen,Non-stick Frying Pan,2,8144,16288,Retail
BM-10567,10/06/2025,Abuja,Bloom Mart Wuse,Grocery,Rice 5kg Bag,2,6062,12124,Retail
BM-10772,11/06/2025,Lagos,Bloom Mart Lekki,Electronics,Power Bank 10000mAh,1,15499,15499,Retail
BM-11627,11/06/2025,Port Harcourt,Bloom Mart Rumuola,Fashion & Apparel,Unisex Cap,2,3054,6108,Wholesale
BM-11371,11/06/2025,Abuja,Bloom Mart Wuse,Home & Kitchen,Electric Kettle,2,9588,19176,Retail
BM-10660,11/06/2025,Abuja,Bloom Mart Garki,Electronics,LED Desk Lamp,3,7399,22197,Wholesale
BM-10002,11/06/2025,Ibadan,Bloom Mart Ring Road,Fashion & Apparel,Unisex Cap,1,3172,3172,Retail
BM-10225,12/06/2025,Abuja,Bloom Mart Wuse,Home & Kitchen,Cutlery Set (24pc),1,12793,12793,Corporate
BM-10558,12/06/2025,Port Harcourt,Bloom Mart Rumuola,Electronics,Power Bank 10000mAh,1,14334,14334,Retail
BM-10510,12/06/2025,Abuja,Bloom Mart Wuse,Fashion & Apparel,Ankara Fabric (6yds),2,18203,36406,Wholesale
BM-10411,13/06/2025,Abuja,Bloom Mart Garki,Electronics,Power Bank 10000mAh,2,14589,29178,Retail
BM-11458,13/06/2025,Port Harcourt,Bloom Mart Rumuola,Electronics,Extension Socket,2,6350,12700,Retail
BM-11309,13/06/2025,Port Harcourt,Bloom Mart Rumuola,Electronics,Phone Charger Cable,2,2493,4986,Retail
BM-10062,13/06/2025,Lagos,Bloom Mart Lekki,Home & Kitchen,Storage Container Set,1,6541,6541,Wholesale
BM-12079,13/06/2025,Abuja,Bloom Mart Wuse,Electronics,LED Desk Lamp,1,7397,7397,Corporate
BM-10500,13/06/2025,Lagos,Bloom Mart Lekki,Grocery,Vegetable Oil 4L,1,8974,8974,Retail
BM-10777,13/06/2025,Lagos,Bloom Mart Lekki,Home & Kitchen,Storage Container Set,2,6602,13204,Retail
BM-11542,13/06/2025,Ibadan,Bloom Mart Ring Road,Home & Kitchen,Non-stick Frying Pan,1,8564,8564,Corporate
BM-11689,14/06/2025,Abuja,Bloom Mart Garki,Grocery,Vegetable Oil 4L,1,9070,9070,Wholesale
BM-11202,14/06/2025,Abuja,Bloom Mart Wuse,Home & Kitchen,Cutlery Set (24pc),1,11541,11541,Retail
BM-10332,14/06/2025,Lagos,Bloom Mart Surulere,Grocery,Tomato Paste (12pk),1,7442,7442,Wholesale
BM-10027,15/06/2025,Port Harcourt,Bloom Mart GRA,Home & Kitchen,Storage Container Set,1,6865,6865,Wholesale
BM-10605,15/06/2025,Lagos,Bloom Mart Ikeja,Toys & Games,Puzzle Game,1,4053,4053,Retail
BM-11404,15/06/2025,Abuja,Bloom Mart Wuse,Grocery,Vegetable Oil 4L,1,8658,8658,Retail
BM-10779,15/06/2025,Lagos,Bloom Mart Ikeja,Home & Kitchen,Cutlery Set (24pc),2,12083,24166,Corporate
BM-11541,15/06/2025,Lagos,Bloom Mart Surulere,Toys & Games,Building Blocks Set,1,6371,6371,Retail
BM-10717,16/06/2025,Ibadan,Bloom Mart Ring Road,Fashion & Apparel,Ladies Sandals,1,9100,9100,Retail
BM-11308,16/06/2025,Abuja,Bloom Mart Wuse,Health & Beauty,Shea Butter Soap Pack,2,3474,6948,Corporate
BM-10796,16/06/2025,Ibadan,Bloom Mart Bodija,Electronics,LED Desk Lamp,1,7828,7828,Retail
BM-12096,16/06/2025,Lagos,Bloom Mart Lekki,Grocery,Rice 5kg Bag,2,6217,12434,Retail
BM-11384,16/06/2025,Port Harcourt,Bloom Mart GRA,Electronics,Bluetooth Earphones,2,11128,22256,Wholesale
BM-11164,16/06/2025,Abuja,Bloom Mart Garki,Grocery,Rice 5kg Bag,2,6462,12924,Retail
BM-10239,16/06/2025,Lagos,Bloom Mart Lekki,Grocery,Rice 5kg Bag,1,6317,6317,Retail
BM-11687,17/06/2025,Lagos,Bloom Mart Surulere,Health & Beauty,Toothpaste (3pk),1,2161,2161,Retail
BM-12084,17/06/2025,Port Harcourt,Bloom Mart GRA,Home & Kitchen,Non-stick Frying Pan,3,8254,24762,Wholesale
BM-10737,17/06/2025,Abuja,Bloom Mart Garki,Grocery,Tomato Paste (12pk),1,7237,7237,Corporate
BM-10336,17/06/2025,Ibadan,Bloom Mart Bodija,Fashion & Apparel,Ankara Fabric (6yds),1,17343,17343,Retail
BM-10797,17/06/2025,Lagos,Bloom Mart Lekki,Home & Kitchen,Cutlery Set (24pc),1,12345,12345,Retail
BM-11930,17/06/2025,Lagos,Bloom Mart Ikeja,Home & Kitchen,Electric Kettle,1,9829,9829,Retail
BM-10534,18/06/2025,Abuja,Bloom Mart Garki,Electronics,Phone Charger Cable,2,2436,4872,Retail
BM-11346,18/06/2025,Lagos,Bloom Mart Ikeja,Fashion & Apparel,Ladies Sandals,1,9272,9272,Corporate
BM-10644,19/06/2025,Port Harcourt,Bloom Mart GRA,Electronics,Power Bank 10000mAh,2,14388,28776,Retail
BM-11279,19/06/2025,Abuja,Bloom Mart Garki,Electronics,Extension Socket,2,6471,12942,Retail
BM-11333,19/06/2025,Ibadan,Bloom Mart Bodija,Fashion & Apparel,Ladies Sandals,1,9677,9677,Retail
BM-10445,19/06/2025,Ibadan,Bloom Mart Ring Road,Electronics,Power Bank 10000mAh,1,15523,15523,Retail
BM-10578,19/06/2025,Port Harcourt,Bloom Mart Rumuola,Home & Kitchen,Cutlery Set (24pc),2,12188,24376,Retail
BM-11273,19/06/2025,Lagos,Bloom Mart Lekki,Electronics,Bluetooth Earphones,3,10991,32973,Wholesale
BM-11149,19/06/2025,Lagos,Bloom Mart Surulere,Home & Kitchen,Blender 1.5L,1,14855,14855,Retail
BM-11657,20/06/2025,Lagos,Bloom Mart Lekki,grocery ,Vegetable Oil 4L,1,8734,8734,Wholesale
BM-10548,20/06/2025,Abuja,Bloom Mart Garki,Electronics,LED Desk Lamp,1,7660,7660,Retail
BM-11545,20/06/2025,Port Harcourt,Bloom Mart Rumuola,Grocery,Spaghetti Carton,1,12089,12089,Corporate
BM-10193,20/06/2025, Lagos,Bloom Mart Lekki,Home & Kitchen,Cutlery Set (24pc),2,11851,23702,Retail
BM-11493,21/06/2025,Lagos,Bloom Mart Lekki,Grocery,Rice 5kg Bag,2,6592,13184,Wholesale
BM-11256,21/06/2025,Abuja,Bloom Mart Garki,Grocery,Rice 5kg Bag,1,6673,6673,Wholesale
BM-11905,21/06/2025,Ibadan,Bloom Mart Bodija,Home & Kitchen,Blender 1.5L,2,15925,31850,Retail
BM-10987,22/06/2025,Lagos,Bloom Mart Lekki,Electronics,Bluetooth Earphones,1,10601,10601,Retail
BM-11896,22/06/2025,Ibadan,Bloom Mart Ring Road,Electronics,LED Desk Lamp,1,7373,7373,Wholesale
BM-11250,22/06/2025,Port Harcourt,Bloom Mart GRA,Grocery,Tomato Paste (12pk),1,7628,7628,Retail
BM-11539,23/06/2025,Lagos,Bloom Mart Surulere,Electronics,Bluetooth Earphones,1,11597,11597,Retail
BM-10504,23/06/2025,Ibadan,Bloom Mart Bodija,Grocery,Spaghetti Carton,1,12202,12202,Retail
BM-10517,23/06/2025,Lagos,Bloom Mart Lekki,Home & Kitchen,Electric Kettle,1,9375,9375,Retail
BM-11064,23/06/2025,Port Harcourt,Bloom Mart Rumuola,Grocery,Tomato Paste (12pk),1,6842,6842,Wholesale
BM-10175,23/06/2025,Port Harcourt,Bloom Mart GRA,Grocery,Tomato Paste (12pk),1,7571,7571,Wholesale
BM-11101,23/06/2025,Port Harcourt,Bloom Mart GRA,Fashion & Apparel,Men's Polo Shirt,1,7444,7444,Retail
BM-10876,24/06/2025,Lagos,Bloom Mart Surulere,Home & Kitchen,Non-stick Frying Pan,4,8249,32996,Retail
BM-11496,24/06/2025,Abuja,Bloom Mart Garki,Toys & Games,Puzzle Game,2,4204,8408,Wholesale
BM-10782,24/06/2025,Lagos,Bloom Mart Lekki,Home & Kitchen,Non-stick Frying Pan,1,9029,9029,Corporate
BM-10533,24/06/2025,Lagos,Bloom Mart Surulere,Health & Beauty,Body Lotion 400ml,1,4000,4000,Wholesale
BM-10627,24/06/2025,Ibadan,Bloom Mart Bodija,Electronics,Bluetooth Earphones,2,11524,23048,Corporate
BM-12003,25/06/2025,Lagos,Bloom Mart Lekki,Grocery,Spaghetti Carton,1,11527,11527,Corporate
BM-12048,25/06/2025,Port Harcourt,Bloom Mart GRA,Fashion & Apparel,Kids School Bag,1,8276,8276,Retail
BM-11332,25/06/2025,Lagos,Bloom Mart Surulere,Electronics,Bluetooth Earphones,2,11476,22952,Retail
BM-10036,25/06/2025,Port Harcourt,Bloom Mart Rumuola,Fashion & Apparel,Unisex Cap,2,3104,6208,Corporate
BM-11540,26/06/2025,Ibadan,Bloom Mart Bodija,Fashion & Apparel,Ladies Sandals,2,9550,19100,Retail
BM-10418,26/06/2025,Ibadan,Bloom Mart Ring Road,Home & Kitchen,Non-stick Frying Pan,2,8256,16512,Retail
BM-11260,27/06/2025,Ibadan,Bloom Mart Ring Road,Health & Beauty,Hair Cream,2,3855,7710,Retail
BM-10986,27/06/2025,Lagos,Bloom Mart Surulere,Toys & Games,Puzzle Game,1,3938,3938,Wholesale
BM-11641,27/06/2025,Abuja,Bloom Mart Garki,Electronics,LED Desk Lamp,3,7680,23040,Retail
BM-10598,27/06/2025,Abuja,Bloom Mart Garki,Electronics,LED Desk Lamp,2,7943,15886,Corporate
BM-10437,27/06/2025,Abuja,Bloom Mart Garki,Home & Kitchen,Cutlery Set (24pc),1,12885,12885,Retail
BM-11398,28/06/2025,Ibadan,Bloom Mart Bodija,Home & Kitchen,Cutlery Set (24pc),1,12591,12591,Retail
BM-10877,28/06/2025,Abuja,Bloom Mart Wuse,Grocery,Vegetable Oil 4L,2,8774,17548,Retail
BM-10668,28/06/2025,Lagos,Bloom Mart Lekki,Electronics,Phone Charger Cable,1,2564,2564,Wholesale
BM-10543,28/06/2025,Lagos,Bloom Mart Surulere,Grocery,Tomato Paste (12pk),5,7635,38175,Wholesale
BM-11088,29/06/2025,Abuja,Bloom Mart Wuse,Fashion & Apparel,Ladies Sandals,1,9225,9225,Retail
BM-11864,29/06/2025,Lagos,Bloom Mart Ikeja,Toys & Games,Building Blocks Set,2,6580,13160,Retail
BM-11959,29/06/2025,Ibadan,Bloom Mart Ring Road,Grocery,Rice 5kg Bag,1,6057,6057,Retail
BM-11927,29/06/2025, Lagos,Bloom Mart Surulere,Health & Beauty,Hair Cream,2,3809,7618,Wholesale
BM-11967,30/06/2025,Abuja,Bloom Mart Wuse,Office Supplies,Notebook Pack,2,3441,6882,Wholesale
BM-11741,30/06/2025,Lagos,Bloom Mart Surulere,Electronics,Phone Charger Cable,1,2605,2605,Retail
BM-12107,30/06/2025,Lagos,Bloom Mart Surulere,Grocery,Tomato Paste (12pk),1,7558,7558,Retail
BM-12028,30/06/2025,Abuja,Bloom Mart Wuse,Electronics,Power Bank 10000mAh,1,14945,14945,Wholesale
BM-10215,30/06/2025,Port Harcourt,Bloom Mart GRA,Office Supplies,Ballpoint Pens (10pk),1,1460,1460,Retail
BM-10105,30/06/2025,Abuja,Bloom Mart Garki,Electronics,Bluetooth Earphones,2,11543,23086,Retail
BM-11515,30/06/2025,Lagos,Bloom Mart Ikeja,Home & Kitchen,Blender 1.5L,1,16486,16486,Wholesale
BM-11947,01/07/2025,Port Harcourt,Bloom Mart GRA,Fashion & Apparel,Unisex Cap,1,3036,3036,Retail
BM-10741,01/07/2025,Abuja,Bloom Mart Wuse,Home & Kitchen,Blender 1.5L,1,16089,16089,Retail
BM-10153,01/07/2025,Port Harcourt,Bloom Mart GRA,Home & Kitchen,Cutlery Set (24pc),2,11915,23830,Wholesale
BM-11081,01/07/2025,Lagos,Bloom Mart Surulere,Electronics,LED Desk Lamp,1,7276,7276,Corporate
BM-11744,01/07/2025,Port Harcourt,Bloom Mart GRA,Grocery,Rice 5kg Bag,2,6605,13210,Wholesale
BM-10183,01/07/2025,Port Harcourt,Bloom Mart GRA,Health & Beauty,Hair Cream,2,3913,7826,
BM-10022,02/07/2025,Port Harcourt,Bloom Mart GRA,Home & Kitchen,Non-stick Frying Pan,2,8220,16440,Retail
BM-11666,02/07/2025,Abuja,Bloom Mart Garki,Electronics,Phone Charger Cable,1,2604,2604,Retail
BM-10751,02/07/2025,Lagos,Bloom Mart Surulere,Home & Kitchen,Blender 1.5L,2,14904,29808,Wholesale
BM-10811,03/07/2025,Lagos,Bloom Mart Surulere,Fashion & Apparel,Ladies Sandals,4,9177,36708,
BM-10780,03/07/2025,Abuja,Bloom Mart Garki,Health & Beauty,Shea Butter Soap Pack,1,3567,3567,Wholesale
BM-10255,03/07/2025,Lagos,Bloom Mart Surulere,Electronics,Power Bank 10000mAh,1,14061,14061,
BM-11002,03/07/2025,Ibadan,Bloom Mart Bodija,Fashion & Apparel,Ladies Sandals,0,10176,0,Corporate
BM-10538,03/07/2025,Abuja,Bloom Mart Garki,Grocery,Spaghetti Carton,1,11136,11136,Corporate
BM-11140,04/07/2025,Port Harcourt,Bloom Mart GRA,Toys & Games,Building Blocks Set,2,6971,13942,Retail
BM-11430,04/07/2025,Ibadan,Bloom Mart Bodija,Home & Kitchen,Non-stick Frying Pan,1,9094,9094,Retail
BM-11297,04/07/2025,Ibadan,Bloom Mart Bodija,Home & Kitchen,Storage Container Set,1,6696,6696,Wholesale
BM-11738,04/07/2025,Ibadan,Bloom Mart Ring Road,Grocery,Spaghetti Carton,2,11683,23366,Wholesale
BM-10930,04/07/2025,Lagos,Bloom Mart Lekki,Electronics,Extension Socket,2,6240,12480,Corporate
BM-12023,04/07/2025,Lagos,Bloom Mart Lekki,Grocery,Sugar 2kg,2,2616,5232,Retail
BM-10173,05/07/2025,Abuja,Bloom Mart Wuse,Toys & Games,Building Blocks Set,1,6578,6578,Retail
BM-10976,05/07/2025,Ibadan,Bloom Mart Ring Road,Electronics,Bluetooth Earphones,1,10984,10984,Corporate
BM-11891,05/07/2025,Abuja,Bloom Mart Garki,Fashion & Apparel,Ladies Sandals,3,9454,28362,Retail
BM-11110,05/07/2025,Ibadan,Bloom Mart Bodija,Grocery,Vegetable Oil 4L,5,8814,44070,Wholesale
BM-12056,05/07/2025,Lagos,Bloom Mart Lekki,Office Supplies,A4 Paper Ream,1,4627,4627,Wholesale
BM-11454,05/07/2025,Lagos,Bloom Mart Ikeja,Home & Kitchen,Non-stick Frying Pan,1,9035,9035,Retail
BM-11980,05/07/2025,Abuja,Bloom Mart Garki,Electronics,LED Desk Lamp,1,7422,7422,Corporate
BM-11834,05/07/2025,Lagos,Bloom Mart Lekki,Fashion & Apparel,Unisex Cap,1,2933,2933,Corporate
BM-11268,06/07/2025,Port Harcourt,Bloom Mart Rumuola,Home & Kitchen,Non-stick Frying Pan,1,8197,8197,Wholesale
BM-11620,06/07/2025,Lagos,Bloom Mart Surulere,Electronics,Bluetooth Earphones,2,10455,20910,Retail
BM-10463,06/07/2025,Ibadan,Bloom Mart Bodija,Health & Beauty,Shea Butter Soap Pack,1,3505,3505,Retail
BM-11861,06/07/2025, Lagos,Bloom Mart Lekki,Electronics,LED Desk Lamp,1,7958,7958,Retail
BM-10232,06/07/2025,Abuja,Bloom Mart Garki,Office Supplies,A4 Paper Ream,1,4790,4790,Wholesale
BM-11556,06/07/2025,Lagos,Bloom Mart Surulere,Grocery,Vegetable Oil 4L,2,8914,17828,Wholesale
BM-11212,06/07/2025,Abuja,Bloom Mart Wuse,Electronics,Bluetooth Earphones,1,10463,10463,Retail
BM-10700,07/07/2025,Abuja,,Electronics,LED Desk Lamp,1,7154,7154,Wholesale
BM-11649,07/07/2025,ABUJA,Bloom Mart Wuse,Electronics,Bluetooth Earphones,2,11290,22580,Wholesale
BM-10604,07/07/2025,Port Harcourt,Bloom Mart GRA,Electronics,Power Bank 10000mAh,1,14723,14723,Retail
BM-11352,07/07/2025,Lagos,Bloom Mart Ikeja,Home & Kitchen,Non-stick Frying Pan,1,8980,8980,Retail
BM-11380,07/07/2025,Abuja,Bloom Mart Wuse,Home & Kitchen,Non-stick Frying Pan,2,8639,17278,Retail
BM-10698,07/07/2025,Port Harcourt,Bloom Mart Rumuola,Home & Kitchen,Blender 1.5L,1,15395,15395,Retail
BM-10950,07/07/2025,Ibadan,Bloom Mart Bodija,Electronics,Phone Charger Cable,1,2509,2509,Corporate
BM-10909,07/07/2025,PH,Bloom Mart GRA,Health & Beauty,Body Lotion 400ml,1,4415,4415,Corporate
BM-10111,08/07/2025,Ibadan,Bloom Mart Bodija,Fashion & Apparel,Ankara Fabric (6yds),1,18116,18116,Retail
BM-11274,08/07/2025,Ibadan,Bloom Mart Ring Road,Health & Beauty,Toothpaste (3pk),1,2038,2038,Retail
BM-11026,08/07/2025,Abuja,Bloom Mart Wuse,Fashion & Apparel,Ladies Sandals,1,9616,9616,Retail
BM-10818,08/07/2025,Lagos,Bloom Mart Ikeja,Grocery,Tomato Paste (12pk),1,7477,7477,Retail
BM-10132,08/07/2025,Port Harcourt,Bloom Mart GRA,Grocery,Rice 5kg Bag,1,6146,6146,Corporate
BM-10240,08/07/2025,Lagos,Bloom Mart Lekki,Electronics,Phone Charger Cable,3,2629,7887,Retail
BM-11663,08/07/2025,Lagos,Bloom Mart Surulere,Home & Kitchen,Storage Container Set,1,6304,6304,Retail
BM-10403,08/07/2025,Ibadan,Bloom Mart Bodija,Fashion & Apparel,Kids School Bag,1,8803,8803,Retail
BM-11973,09/07/2025,Lagos,Bloom Mart Lekki,Electronics,Bluetooth Earphones,1,11513,11513,Retail
BM-10977,09/07/2025,Port Harcourt,Bloom Mart GRA,Home & Kitchen,Cutlery Set (24pc),1,11716,11716,Retail
BM-10020,09/07/2025,Port Harcourt,Bloom Mart GRA,Grocery,Vegetable Oil 4L,1,8887,8887,Wholesale
BM-11364,09/07/2025,Abuja,Bloom Mart Garki,Fashion & Apparel,Unisex Cap,1,2967,2967,Corporate
BM-10653,09/07/2025,Lagos,Bloom Mart Surulere,Fashion & Apparel,Kids School Bag,1,9118,9118,Retail
BM-11610,09/07/2025,Abuja,Bloom Mart Wuse,Grocery,Spaghetti Carton,2,11111,22222,Wholesale
BM-11167,09/07/2025,Abuja,,Home & Kitchen,Cutlery Set (24pc),3,11493,34479,Retail
BM-10983,09/07/2025,Port Harcourt,Bloom Mart GRA,Electronics,Extension Socket,5,6447,32235,Retail
BM-11389,09/07/2025,Abuja,Bloom Mart Wuse,Fashion & Apparel,Kids School Bag,1,8753,8753,Wholesale
BM-10893,10/07/2025,Lagos,Bloom Mart Lekki,Electronics,Power Bank 10000mAh,1,15487,15487,Retail
BM-10519,10/07/2025,Lagos,Bloom Mart Surulere,Home & Kitchen,Blender 1.5L,3,16421,49263,Retail
BM-10293,10/07/2025,Port Harcourt,Bloom Mart Rumuola,Home & Kitchen,Electric Kettle,1,9640,9640,Corporate
BM-11010,10/07/2025,Abuja,Bloom Mart Garki,Electronics,Power Bank 10000mAh,1,14560,14560,Corporate
BM-11133,11/07/2025,Ibadan,Bloom Mart Bodija,Health & Beauty,Body Lotion 400ml,1,4333,4333,Retail
BM-11643,11/07/2025,Port Harcourt,Bloom Mart GRA,Home & Kitchen,Storage Container Set,1,6834,6834,Retail
BM-11970,11/07/2025,Lagos,Bloom Mart Ikeja,Health & Beauty,Hair Cream,1,3985,3985,Corporate
BM-10791,11/07/2025,Abuja,Bloom Mart Garki,Electronics,Bluetooth Earphones,2,11821,23642,Retail
BM-11116,11/07/2025,Abuja,Bloom Mart Wuse,Grocery,Vegetable Oil 4L,1,9021,9021,Wholesale
BM-11382,12/07/2025,Abuja,Bloom Mart Garki,Fashion & Apparel,Kids School Bag,1,8737,8737,Retail
BM-10722,12/07/2025,Port Harcourt,Bloom Mart Rumuola,Electronics,LED Desk Lamp,1,7384,7384,Retail
BM-10214,12/07/2025,Abuja,Bloom Mart Garki,Grocery,Rice 5kg Bag,1,6305,6305,Retail
BM-10921,12/07/2025,Lagos,Bloom Mart Ikeja,Grocery,Rice 5kg Bag,1,6300,6300,Retail
BM-11078,12/07/2025,Ibadan,Bloom Mart Bodija,Grocery,Rice 5kg Bag,1,5996,5996,Retail
BM-11588,12/07/2025,Port Harcourt,Bloom Mart GRA,Electronics,Bluetooth Earphones,1,11141,11141,Corporate
BM-11887,12/07/2025,Lagos,Bloom Mart Ikeja,Home & Kitchen,Storage Container Set,5,6772,33860,Wholesale
BM-10219,12/07/2025,Port Harcourt,Bloom Mart GRA,Health & Beauty,Shea Butter Soap Pack,1,3417,3417,Corporate
BM-11471,12/07/2025,Ibadan,Bloom Mart Ring Road,Grocery,Tomato Paste (12pk),2,7479,14958,Retail
BM-11465,13/07/2025,Lagos,Bloom Mart Ikeja,Fashion & Apparel,Kids School Bag,3,9066,27198,Corporate
BM-10110,13/07/2025,Lagos,Bloom Mart Lekki,Electronics,Power Bank 10000mAh,2,15546,31092,Retail
BM-10465,13/07/2025,Port Harcourt,Bloom Mart Rumuola,Fashion & Apparel,Kids School Bag,1,8624,8624,Retail
BM-11518,13/07/2025,Lagos,Bloom Mart Surulere,Electronics,Phone Charger Cable,2,2583,5166,Retail
BM-10707,13/07/2025,Lagos,Bloom Mart Lekki,Electronics,LED Desk Lamp,2,7902,15804,Retail
BM-10120,13/07/2025,Port Harcourt,Bloom Mart GRA,Electronics,Power Bank 10000mAh,2,14465,28930,Corporate
BM-10966,13/07/2025,Lagos,Bloom Mart Surulere,Office Supplies,Notebook Pack,2,3114,6228,Retail
BM-10462,13/07/2025,Ibadan,Bloom Mart Bodija,Grocery,Rice 5kg Bag,1,6600,6600,Corporate
BM-10462,13/07/2025,Ibadan,Bloom Mart Bodija,Grocery,Rice 5kg Bag,1,6600,6600,Corporate
BM-11869,14/07/2025,Ibadan,Bloom Mart Ring Road,Electronics,Power Bank 10000mAh,1,15525,15525,Retail
BM-11460,14/07/2025,Ibadan,Bloom Mart Ring Road,Health & Beauty,Hair Cream,1,3814,3814,Retail
BM-10114,14/07/2025,Abuja,Bloom Mart Garki,Toys & Games,Building Blocks Set,1,6801,6801,Corporate
BM-10316,14/07/2025,Ibadan,Bloom Mart Ring Road,Grocery,Spaghetti Carton,2,11625,23250,Wholesale
BM-10532,14/07/2025,Lagos,Bloom Mart Surulere,Health & Beauty,Body Lotion 400ml,1,4048,4048,Corporate
BM-11825,14/07/2025,Abuja,Bloom Mart Wuse,Grocery,Spaghetti Carton,1,11375,11375,Retail
BM-10294,14/07/2025,Port Harcourt,Bloom Mart GRA,Fashion & Apparel,Kids School Bag,1,8206,8206,Retail
BM-11176,14/07/2025,Lagos,,Home & Kitchen,Non-stick Frying Pan,2,9148,18296,Retail
BM-12071,15/07/2025,Lagos,Bloom Mart Ikeja,Fashion & Apparel,Ankara Fabric (6yds),3,18659,55977,Retail
BM-10863,15/07/2025,Abuja,Bloom Mart Garki,Health & Beauty,Shea Butter Soap Pack,1,3569,3569,Wholesale
BM-11059,15/07/2025,Lagos,Bloom Mart Surulere,Health & Beauty,Toothpaste (3pk),2,2107,4214,Wholesale
BM-10094,15/07/2025,Port Harcourt,Bloom Mart GRA,Electronics,Phone Charger Cable,1,2568,2568,Retail
BM-10286,16/07/2025,Lagos,Bloom Mart Surulere,Fashion & Apparel,Men's Polo Shirt,1,7017,7017,Retail
BM-10283,16/07/2025,Abuja,Bloom Mart Wuse,Home & Kitchen,Blender 1.5L,1,15788,15788,Retail
BM-10169,16/07/2025,Port Harcourt,Bloom Mart GRA,Home & Kitchen,Cutlery Set (24pc),2,12363,24726,Corporate
BM-10065,16/07/2025,lagos,Bloom Mart Surulere,Health & Beauty,Shea Butter Soap Pack,2,3674,7348,Retail
BM-11027,16/07/2025,Lagos,Bloom Mart Ikeja,Electronics,LED Desk Lamp,1,7180,7180,Corporate
BM-11139,17/07/2025,Ibadan,Bloom Mart Ring Road,Home & Kitchen,Blender 1.5L,1,15514,15514,Wholesale
BM-10171,17/07/2025,Ibadan,Bloom Mart Bodija,Electronics,Bluetooth Earphones,1,11412,11412,Wholesale
BM-11793,17/07/2025,Abuja,Bloom Mart Wuse,Electronics,Phone Charger Cable,2,2417,4834,Wholesale
BM-12085,17/07/2025,Abuja,Bloom Mart Wuse,Grocery,Tomato Paste (12pk),1,7668,7668,Retail
BM-11442,17/07/2025,Lagos,Bloom Mart Ikeja,Health & Beauty,Body Lotion 400ml,2,4276,8552,Corporate
BM-10941,17/07/2025,Lagos,Bloom Mart Lekki,Grocery,Rice 5kg Bag,3,6672,20016,Wholesale
BM-11466,17/07/2025,Lagos,Bloom Mart Ikeja,Health & Beauty,Toothpaste (3pk),1,2037,2037,Retail
BM-10107,17/07/2025,Abuja,Bloom Mart Wuse,Electronics,LED Desk Lamp,1,7955,7955,Retail
BM-11626,18/07/2025,Abuja,Bloom Mart Garki,Fashion & Apparel,Unisex Cap,2,3065,6130,Wholesale
BM-11840,18/07/2025,Lagos,Bloom Mart Surulere,Grocery,Tomato Paste (12pk),1,6873,6873,Retail
BM-12047,18/07/2025,Lagos,Bloom Mart Surulere,Fashion & Apparel,Unisex Cap,2,2859,5718,Retail
BM-11121,18/07/2025,Lagos,Bloom Mart Ikeja,Electronics,Power Bank 10000mAh,1,15551,15551,Retail
BM-11932,19/07/2025,Abuja,Bloom Mart Garki,Health & Beauty,Toothpaste (3pk),1,2218,2218,Retail
BM-10478,19/07/2025,Abuja,Bloom Mart Wuse,Electronics,Phone Charger Cable,1,2650,2650,Retail
BM-10875,19/07/2025,Port Harcourt,Bloom Mart GRA,Health & Beauty,Body Lotion 400ml,1,4161,4161,Retail
BM-10680,19/07/2025,Port Harcourt,Bloom Mart GRA,Fashion & Apparel,Ladies Sandals,1,9950,9950,Corporate
BM-11809,19/07/2025,Port Harcourt,Bloom Mart Rumuola,Fashion & Apparel,Ladies Sandals,1,9548,9548,Corporate
BM-10712,19/07/2025,Abuja,Bloom Mart Garki,Grocery,Vegetable Oil 4L,1,8471,8471,Retail
BM-11180,20/07/2025,Abuja,Bloom Mart Wuse,Toys & Games,Building Blocks Set,2,6586,13172,Corporate
BM-12039,20/07/2025,Lagos,Bloom Mart Lekki,Home & Kitchen,Storage Container Set,1,7019,7019,Wholesale
BM-10353,20/07/2025,Lagos,Bloom Mart Surulere,Fashion & Apparel,Unisex Cap,4,2931,11724,Wholesale
BM-11033,20/07/2025,Lagos,Bloom Mart Ikeja,Electronics,Power Bank 10000mAh,1,14566,14566,Retail
BM-11108,20/07/2025,Abuja,Bloom Mart Garki,Electronics,Bluetooth Earphones,2,10456,20912,Retail
BM-10902,21/07/2025,Port Harcourt,Bloom Mart GRA,Fashion & Apparel,Ankara Fabric (6yds),1,17362,17362,Retail
BM-10383,21/07/2025,port harcourt ,Bloom Mart Rumuola,Fashion & Apparel,Kids School Bag,1,8963,8963,Retail
BM-10542,22/07/2025,Lagos,Bloom Mart Lekki,Electronics,Bluetooth Earphones,1,10682,10682,Corporate
BM-10096,22/07/2025,Abuja,Bloom Mart Wuse,Grocery,Spaghetti Carton,2,11772,23544,Wholesale
BM-10282,22/07/2025,Lagos,Bloom Mart Lekki,Electronics,LED Desk Lamp,4,7789,31156,Corporate
BM-11136,22/07/2025,Lagos,Bloom Mart Ikeja,Grocery,Spaghetti Carton,2,11035,22070,Retail
BM-11717,22/07/2025,Lagos,Bloom Mart Surulere,Home & Kitchen,Blender 1.5L,1,14769,14769,Retail
BM-10670,23/07/2025,Abuja,Bloom Mart Wuse,Fashion & Apparel,Ladies Sandals,1,9900,9900,Retail
BM-11135,23/07/2025,Abuja,Bloom Mart Garki,Grocery,Vegetable Oil 4L,1,9186,9186,Retail
BM-11196,23/07/2025,Ibadan,Bloom Mart Bodija,Grocery,Tomato Paste (12pk),1,7322,7322,Wholesale
BM-11251,23/07/2025,Lagos,Bloom Mart Ikeja,Office Supplies,A4 Paper Ream,1,5139,5139,Retail
BM-11656,23/07/2025,Lagos,Bloom Mart Ikeja,Electronics,Phone Charger Cable,1,2464,2464,Retail
BM-10409,24/07/2025,Ibadan,Bloom Mart Ring Road,Home & Kitchen,Non-stick Frying Pan,3,8939,26817,Corporate
BM-11974,24/07/2025,Abuja,Bloom Mart Garki,Fashion & Apparel,Unisex Cap,1,3073,3073,Wholesale
BM-11907,25/07/2025,Abuja,Bloom Mart Wuse,Home & Kitchen,Cutlery Set (24pc),1,11785,11785,Retail
BM-10674,25/07/2025,Lagos,Bloom Mart Ikeja,Grocery,Tomato Paste (12pk),1,7191,7191,Wholesale
BM-10406,25/07/2025,Ibadan,Bloom Mart Ring Road,Toys & Games,Building Blocks Set,1,6239,6239,Retail
BM-10865,25/07/2025,Lagos,Bloom Mart Surulere,Electronics,Power Bank 10000mAh,1,15495,15495,Wholesale
BM-11782,26/07/2025,Abuja,Bloom Mart Wuse,Electronics,Bluetooth Earphones,1,11039,11039,Wholesale
BM-11521,26/07/2025,Port Harcourt,Bloom Mart Rumuola,Office Supplies,Notebook Pack,1,3114,3114,Retail
BM-11040,26/07/2025,Port Harcourt,Bloom Mart GRA,Home & Kitchen,Blender 1.5L,2,16093,32186,Corporate
BM-11227,26/07/2025,Abuja,Bloom Mart Wuse,Grocery,Spaghetti Carton,1,11660,11660,Retail
BM-10384,26/07/2025,Lagos,Bloom Mart Ikeja,Home & Kitchen,Non-stick Frying Pan,1,8154,8154,Wholesale
BM-11704,26/07/2025,Port Harcourt,Bloom Mart Rumuola,Office Supplies,Notebook Pack,1,3223,3223,Retail
BM-10154,26/07/2025,Lagos,Bloom Mart Surulere,Home & Kitchen,Cutlery Set (24pc),1,12174,12174,Wholesale
BM-10311,26/07/2025,Lagos,Bloom Mart Lekki,Home & Kitchen,Blender 1.5L,1,15524,15524,Corporate
BM-11665,26/07/2025,Abuja,Bloom Mart Wuse,Electronics,Extension Socket,1,5977,5977,Retail
BM-11012,27/07/2025,Lagos,Bloom Mart Ikeja,Office Supplies,Ballpoint Pens (10pk),1,1481,1481,Corporate
BM-11875,27/07/2025, Lagos,Bloom Mart Surulere,Electronics,LED Desk Lamp,1,8044,8044,Retail
BM-11831,27/07/2025,Abuja,Bloom Mart Wuse,Grocery,Tomato Paste (12pk),1,7423,7423,Retail
BM-11880,27/07/2025,Ibadan,Bloom Mart Bodija,Fashion & Apparel,Kids School Bag,2,8545,17090,Retail
BM-11780,27/07/2025,Lagos,Bloom Mart Ikeja,Grocery,Spaghetti Carton,2,11771,23542,Retail
BM-10274,27/07/2025,Lagos,Bloom Mart Lekki,Home & Kitchen,Electric Kettle,1,9923,9923,Retail
BM-10006,27/07/2025,Abuja,Bloom Mart Garki,Home & Kitchen,Cutlery Set (24pc),1,12134,12134,Wholesale
BM-10185,27/07/2025,Abuja,Bloom Mart Wuse,Health & Beauty,Toothpaste (3pk),2,2056,4112,Retail
BM-10247,28/07/2025,Port Harcourt,Bloom Mart GRA,Health & Beauty,Shea Butter Soap Pack,1,3342,3342,Retail
BM-10414,28/07/2025,Abuja,Bloom Mart Garki,Grocery,Sugar 2kg,1,2661,2661,Wholesale
BM-10891,28/07/2025,Abuja,Bloom Mart Wuse,Health & Beauty,Hair Cream,1,3611,3611,Corporate
BM-11708,28/07/2025,Lagos,Bloom Mart Surulere,Grocery,Tomato Paste (12pk),1,7455,7455,Wholesale
BM-10231,28/07/2025,Abuja,Bloom Mart Garki,Grocery,Tomato Paste (12pk),2,7523,15046,Retail
BM-10669,29/07/2025,Abuja,Bloom Mart Wuse,Fashion & Apparel,Ladies Sandals,3,10133,30399,Retail
BM-10868,29/07/2025,Lagos,Bloom Mart Ikeja,Electronics,Power Bank 10000mAh,0,15337,0,Retail
BM-11351,29/07/2025,Ibadan,Bloom Mart Ring Road,Home & Kitchen,Storage Container Set,2,6526,13052,Wholesale
BM-10273,29/07/2025,Lagos,Bloom Mart Ikeja,Fashion & Apparel,Men's Polo Shirt,1,7402,7402,Retail
BM-11112,29/07/2025,Port Harcourt,Bloom Mart Rumuola,Toys & Games,Building Blocks Set,1,6458,6458,Retail
BM-11807,30/07/2025,Lagos,Bloom Mart Ikeja,Health & Beauty,Shea Butter Soap Pack,1,3326,3326,Wholesale
BM-11370,30/07/2025,Port Harcourt,Bloom Mart GRA,Grocery,Tomato Paste (12pk),4,7031,28124,Retail
BM-11754,30/07/2025,Port Harcourt,Bloom Mart Rumuola,Grocery,Vegetable Oil 4L,1,9021,9021,Corporate
BM-10525,30/07/2025,Lagos,Bloom Mart Surulere,Grocery,Vegetable Oil 4L,1,8797,8797,Retail
BM-11482,30/07/2025,Port Harcourt,Bloom Mart GRA,Grocery,Sugar 2kg,2,2758,5516,Retail
BM-10961,30/07/2025,Abuja,Bloom Mart Wuse,Grocery,Spaghetti Carton,1,11891,11891,Corporate
BM-10964,30/07/2025,Lagos,Bloom Mart Lekki,Grocery,Sugar 2kg,1,2528,2528,Corporate
BM-11325,31/07/2025,Port Harcourt,Bloom Mart Rumuola,Electronics,Extension Socket,1,6418,6418,Wholesale
BM-10442,31/07/2025,Abuja,Bloom Mart Garki,Toys & Games,Building Blocks Set,2,6787,13574,Retail
BM-11766,31/07/2025,Port Harcourt,Bloom Mart GRA,Electronics,Phone Charger Cable,1,2487,2487,Corporate
BM-10675,31/07/2025,Lagos,Bloom Mart Surulere,Electronics,Power Bank 10000mAh,1,15440,15440,Retail
BM-10554,31/07/2025,Lagos,Bloom Mart Lekki,Grocery,Sugar 2kg,1,2765,2765,Retail
BM-11407,31/07/2025,Lagos,Bloom Mart Surulere,Grocery,Sugar 2kg,1,2543,2543,Retail
BM-11650,01/08/2025,Abuja,Bloom Mart Wuse,Grocery,Spaghetti Carton,1,12198,12198,Retail
BM-11838,01/08/2025,Lagos,Bloom Mart Ikeja,Home & Kitchen,Non-stick Frying Pan,1,8842,8842,Retail
BM-11566,01/08/2025,Lagos,Bloom Mart Surulere,Fashion & Apparel,Unisex Cap,2,2920,5840,Retail
BM-11838,01/08/2025,Lagos,Bloom Mart Ikeja,Home & Kitchen,Non-stick Frying Pan,1,8842,8842,Retail
BM-10313,01/08/2025,Abuja,Bloom Mart Wuse,Fashion & Apparel,Kids School Bag,1,8898,8898,Corporate
BM-10128,02/08/2025,Lagos,Bloom Mart Lekki,Home & Kitchen,Electric Kettle,1,10087,10087,Corporate
BM-11278,02/08/2025,Abuja,Bloom Mart Garki,Electronics,Phone Charger Cable,2,2529,5058,Corporate
BM-10398,02/08/2025,Lagos,Bloom Mart Ikeja,Electronics,Phone Charger Cable,1,2600,2600,Retail
BM-10580,02/08/2025,Ibadan,Bloom Mart Bodija,Fashion & Apparel,Kids School Bag,1,8826,8826,Retail
BM-11593,02/08/2025,Ibadan,Bloom Mart Ring Road,Home & Kitchen,Non-stick Frying Pan,1,8697,8697,Retail
BM-11283,02/08/2025,Lagos,Bloom Mart Lekki,Grocery,Tomato Paste (12pk),2,6907,13814,Retail
BM-10897,02/08/2025,Abuja,Bloom Mart Wuse,Fashion & Apparel,Ankara Fabric (6yds),2,18734,37468,Retail
BM-11084,03/08/2025,Abuja,Bloom Mart Wuse,Grocery,Rice 5kg Bag,1,6393,6393,Retail
BM-10285,03/08/2025,Port Harcourt,Bloom Mart GRA,Electronics,Phone Charger Cable,1,2699,2699,Wholesale
BM-11826,03/08/2025,Lagos,Bloom Mart Ikeja,Home & Kitchen,Cutlery Set (24pc),1,11584,11584,Corporate
BM-10535,03/08/2025,Lagos,Bloom Mart Surulere,Health & Beauty,Toothpaste (3pk),1,2026,2026,Retail
BM-10334,03/08/2025,Lagos,Bloom Mart Lekki,Home & Kitchen,Non-stick Frying Pan,1,8490,8490,Wholesale
BM-10148,04/08/2025,Port Harcourt,Bloom Mart GRA,Electronics,LED Desk Lamp,3,7742,23226,Retail
BM-10958,04/08/2025,Port Harcourt,Bloom Mart Rumuola,Electronics,Bluetooth Earphones,1,10906,10906,Retail
BM-12117,04/08/2025,Port Harcourt,Bloom Mart Rumuola,Fashion & Apparel,Men's Polo Shirt,4,6897,27588,Wholesale
BM-10076,04/08/2025,Lagos,Bloom Mart Surulere,Electronics,LED Desk Lamp,1,7307,7307,Corporate
BM-11128,04/08/2025,Lagos,Bloom Mart Ikeja,Electronics,Bluetooth Earphones,3,10701,32103,Corporate
BM-10615,04/08/2025,Lagos,Bloom Mart Lekki,Electronics,Extension Socket,1,6432,6432,Corporate
BM-10524,05/08/2025,Lagos,Bloom Mart Lekki,Home & Kitchen,Cutlery Set (24pc),1,11769,11769,Retail
BM-11043,05/08/2025,Abuja,Bloom Mart Wuse,Fashion & Apparel,Ankara Fabric (6yds),1,18056,18056,Retail
BM-11750,05/08/2025,Lagos,Bloom Mart Ikeja,Fashion & Apparel,Men's Polo Shirt,1,6709,6709,Retail
BM-10749,05/08/2025,Lagos,Bloom Mart Lekki,Home & Kitchen,Blender 1.5L,2,15148,30296,Wholesale
BM-12105,05/08/2025,Lagos,Bloom Mart Ikeja,Home & Kitchen,Non-stick Frying Pan,1,9100,9100,Corporate
BM-10028,05/08/2025, Lagos,Bloom Mart Lekki,Grocery,Vegetable Oil 4L,3,8621,25863,Retail
BM-10174,05/08/2025,Lagos,Bloom Mart Surulere,Fashion & Apparel,Kids School Bag,1,9159,9159,Retail
BM-10289,05/08/2025,Ibadan,Bloom Mart Bodija,Electronics,Phone Charger Cable,2,2655,5310,Retail
BM-11997,06/08/2025,ABUJA,Bloom Mart Wuse,Home & Kitchen,Non-stick Frying Pan,1,8636,8636,Corporate
BM-10830,07/08/2025,Lagos,Bloom Mart Lekki,Grocery,Sugar 2kg,4,2554,10216,Retail
BM-11079,07/08/2025,Lagos,Bloom Mart Surulere,Electronics,Bluetooth Earphones,1,11837,11837,Retail
BM-10068,07/08/2025,Lagos,Bloom Mart Ikeja,Electronics,Bluetooth Earphones,5,11356,56780,
BM-11050,07/08/2025,Lagos,Bloom Mart Surulere,Home & Kitchen,Blender 1.5L,1,16652,16652,Corporate
BM-10753,07/08/2025,Lagos,Bloom Mart Lekki,Health & Beauty,Hair Cream,1,3809,3809,Retail
BM-10662,07/08/2025,Abuja,Bloom Mart Wuse,Electronics,Bluetooth Earphones,2,11338,22676,Corporate
BM-11729,07/08/2025,Abuja,Bloom Mart Wuse,Electronics,Extension Socket,1,5763,5763,Wholesale
BM-10603,08/08/2025,Abuja,Bloom Mart Garki,Home & Kitchen,Electric Kettle,1,9398,9398,Retail
BM-12041,08/08/2025,Lagos,Bloom Mart Surulere,Fashion & Apparel,Ankara Fabric (6yds),1,18852,18852,Retail
BM-10852,08/08/2025,Ibadan,Bloom Mart Bodija,Grocery,Rice 5kg Bag,2,6356,12712,Corporate
BM-10428,08/08/2025,Port Harcourt,Bloom Mart Rumuola,Electronics,Power Bank 10000mAh,4,14379,57516,Retail
BM-10509,09/08/2025,Port Harcourt,Bloom Mart Rumuola,Home & Kitchen,Non-stick Frying Pan,2,8726,17452,Retail
BM-11634,10/08/2025,Lagos,Bloom Mart Ikeja,Grocery,Vegetable Oil 4L,1,9098,9098,Retail
BM-10859,10/08/2025,Port Harcourt,,Fashion & Apparel,Men's Polo Shirt,1,6808,6808,Retail
BM-11806,10/08/2025,Ibadan,Bloom Mart Bodija,Home & Kitchen,Storage Container Set,1,6441,6441,Corporate
BM-11072,10/08/2025,Lagos,Bloom Mart Surulere,Home & Kitchen,Cutlery Set (24pc),5,12037,60185,Retail
BM-11111,10/08/2025,Abuja,Bloom Mart Garki,Electronics,Bluetooth Earphones,1,11351,11351,Retail
BM-11328,11/08/2025,Abuja,Bloom Mart Wuse,Home & Kitchen,Cutlery Set (24pc),2,11552,23104,Retail
BM-11399,11/08/2025,Abuja,Bloom Mart Garki,Home & Kitchen,Electric Kettle,1,10215,10215,Corporate
BM-10362,11/08/2025,Lagos,Bloom Mart Ikeja,Electronics,Power Bank 10000mAh,2,13989,27978,Retail
BM-10688,11/08/2025,Lagos,Bloom Mart Ikeja,Fashion & Apparel,Ladies Sandals,1,9090,9090,Retail
BM-11923,11/08/2025,Lagos,Bloom Mart Surulere,Fashion & Apparel,Men's Polo Shirt,1,7228,7228,Retail
BM-11935,11/08/2025,Ibadan,Bloom Mart Ring Road,Grocery,Spaghetti Carton,1,11412,11412,Retail
BM-12110,11/08/2025,Ibadan,Bloom Mart Bodija,Office Supplies,Ballpoint Pens (10pk),1,1600,1600,Retail
BM-11237,11/08/2025,Abuja,Bloom Mart Garki,Fashion & Apparel,Kids School Bag,1,8621,8621,Retail
BM-11437,11/08/2025,port harcourt ,Bloom Mart GRA,Electronics,Extension Socket,1,6168,6168,Retail
BM-11061,11/08/2025,Lagos,Bloom Mart Surulere,Home & Kitchen,Cutlery Set (24pc),4,12662,50648,Corporate
BM-11944,12/08/2025,Lagos,Bloom Mart Ikeja,Fashion & Apparel,Men's Polo Shirt,2,7254,14508,Retail
BM-11344,12/08/2025,Lagos,Bloom Mart Lekki,Electronics,Power Bank 10000mAh,1,15088,15088,Retail
BM-11716,12/08/2025,Port Harcourt,Bloom Mart GRA,Toys & Games,Puzzle Game,2,4204,8408,Corporate
BM-11968,12/08/2025,Port Harcourt,Bloom Mart Rumuola,Fashion & Apparel,Unisex Cap,1,3220,3220,Retail
BM-10939,12/08/2025,Ibadan,Bloom Mart Ring Road,Home & Kitchen,Storage Container Set,1,6805,6805,Retail
BM-11285,12/08/2025,Abuja,Bloom Mart Garki,Grocery,Spaghetti Carton,2,11392,22784,Retail
BM-12045,12/08/2025,Lagos,Bloom Mart Ikeja,Electronics,Phone Charger Cable,2,2612,5224,Corporate
BM-10038,13/08/2025,Lagos,Bloom Mart Surulere,Grocery,Spaghetti Carton,1,12324,12324,Retail
BM-10508,13/08/2025,Lagos,Bloom Mart Ikeja,Health & Beauty,Toothpaste (3pk),1,2243,2243,Retail
BM-11752,13/08/2025,Abuja,Bloom Mart Garki,Electronics,Phone Charger Cable,2,2452,4904,Retail
BM-11706,13/08/2025,Lagos,Bloom Mart Ikeja,Grocery,Tomato Paste (12pk),2,7421,14842,Wholesale
BM-10746,13/08/2025,Port Harcourt,Bloom Mart GRA,Health & Beauty,Body Lotion 400ml,1,4224,4224,Retail
BM-11677,13/08/2025,Lagos,Bloom Mart Surulere,Home & Kitchen,Blender 1.5L,2,15830,31660,Retail
BM-11751,13/08/2025,Lagos,Bloom Mart Ikeja,Home & Kitchen,Electric Kettle,1,9569,9569,Retail
BM-10050,13/08/2025,Lagos,Bloom Mart Ikeja,Health & Beauty,Shea Butter Soap Pack,1,3403,3403,Wholesale
BM-11406,14/08/2025,Abuja,Bloom Mart Wuse,Office Supplies,Notebook Pack,2,3388,6776,Corporate
BM-10159,14/08/2025,Lagos,Bloom Mart Surulere,Fashion & Apparel,Unisex Cap,1,2933,2933,Retail
BM-12054,14/08/2025,Ibadan,,Fashion & Apparel,Ladies Sandals,1,9112,9112,Retail
BM-11014,14/08/2025,Lagos,Bloom Mart Lekki,Office Supplies,Ballpoint Pens (10pk),2,1451,2902,Retail
BM-10089,14/08/2025,Port Harcourt,Bloom Mart Rumuola,Grocery,Sugar 2kg,3,2555,7665,Corporate
BM-10484,14/08/2025,Abuja,Bloom Mart Wuse,Home & Kitchen,Cutlery Set (24pc),2,12593,25186,Retail
BM-11014,14/08/2025,Lagos,Bloom Mart Lekki,Office Supplies,Ballpoint Pens (10pk),2,1451,2902,Retail
BM-11877,14/08/2025,Lagos,Bloom Mart Ikeja,Health & Beauty,Body Lotion 400ml,1,4364,4364,Corporate
BM-10391,14/08/2025,Abuja,Bloom Mart Garki,home & kitchen ,Non-stick Frying Pan,1,8187,8187,Wholesale
BM-12093,15/08/2025,Abuja,Bloom Mart Wuse,Electronics,Phone Charger Cable,1,2591,2591,Retail
BM-12060,15/08/2025,Abuja,Bloom Mart Garki,Health & Beauty,Hair Cream,2,4075,8150,Retail
BM-11999,15/08/2025,Lagos,Bloom Mart Ikeja,Home & Kitchen,Blender 1.5L,1,14975,14975,Wholesale
BM-11409,15/08/2025,Lagos,Bloom Mart Surulere,Health & Beauty,Shea Butter Soap Pack,1,3756,3756,Retail
BM-11611,15/08/2025,Lagos,,Home & Kitchen,Storage Container Set,1,6363,6363,Retail
BM-11124,15/08/2025,Lagos,Bloom Mart Surulere,Home & Kitchen,Cutlery Set (24pc),1,11551,11551,Wholesale
BM-11574,15/08/2025,Port Harcourt,Bloom Mart GRA,Office Supplies,Notebook Pack,1,3102,3102,Retail
BM-10088,15/08/2025,Lagos,Bloom Mart Surulere,Fashion & Apparel,Ankara Fabric (6yds),1,19087,19087,Retail
BM-11853,15/08/2025,Lagos,Bloom Mart Lekki,Health & Beauty,Shea Butter Soap Pack,2,3462,6924,Corporate
BM-10813,15/08/2025,Port Harcourt,Bloom Mart Rumuola,Fashion & Apparel,Ladies Sandals,4,9342,37368,Wholesale
BM-11926,15/08/2025, Lagos,Bloom Mart Lekki,Electronics,Power Bank 10000mAh,1,15657,15657,Corporate
BM-11903,16/08/2025, Lagos,Bloom Mart Lekki,Home & Kitchen,Cutlery Set (24pc),2,12345,24690,Retail
BM-11107,16/08/2025,Abuja,Bloom Mart Wuse,Electronics,Bluetooth Earphones,2,11389,22778,Wholesale
BM-10611,16/08/2025,Abuja,Bloom Mart Garki,Electronics,Power Bank 10000mAh,1,14816,14816,Retail
BM-10611,16/08/2025,Abuja,Bloom Mart Garki,Electronics,Power Bank 10000mAh,1,14816,14816,Retail
BM-11361,16/08/2025,Ibadan,Bloom Mart Ring Road,Home & Kitchen,Storage Container Set,1,6411,6411,Wholesale
BM-11743,16/08/2025,Abuja,Bloom Mart Garki,Grocery,Spaghetti Carton,2,11546,23092,Retail
BM-10692,17/08/2025,Ibadan,Bloom Mart Bodija,Health & Beauty,Hair Cream,1,3805,3805,Wholesale
BM-10799,17/08/2025,Ibadan,Bloom Mart Ring Road,Electronics,Bluetooth Earphones,1,11048,11048,Retail
BM-10957,17/08/2025,Lagos,Bloom Mart Lekki,Electronics,Power Bank 10000mAh,1,14553,14553,Corporate
BM-11774,17/08/2025,Lagos,Bloom Mart Surulere,Fashion & Apparel,Men's Polo Shirt,1,7301,7301,Retail
BM-11839,17/08/2025,Ibadan,Bloom Mart Bodija,Electronics,LED Desk Lamp,1,7902,7902,Retail
BM-11652,18/08/2025,Port Harcourt,Bloom Mart GRA,Electronics,Power Bank 10000mAh,3,14070,42210,Wholesale
BM-10452,18/08/2025,Ibadan,Bloom Mart Bodija,Home & Kitchen,Cutlery Set (24pc),1,12250,12250,Wholesale
BM-12037,18/08/2025,Port Harcourt,Bloom Mart GRA,Home & Kitchen,Blender 1.5L,1,15480,15480,Retail
BM-11777,19/08/2025, Lagos,Bloom Mart Ikeja,Grocery,Spaghetti Carton,2,11564,23128,Retail
BM-11109,19/08/2025,Lagos,Bloom Mart Surulere,Electronics,Power Bank 10000mAh,1,15091,15091,Corporate
BM-11397,19/08/2025,Lagos,Bloom Mart Ikeja,Grocery,Rice 5kg Bag,1,6467,6467,Retail
BM-11702,19/08/2025,Lagos,Bloom Mart Surulere,Grocery,Rice 5kg Bag,1,5891,5891,Retail
BM-11592,19/08/2025,Abuja,Bloom Mart Garki,Fashion & Apparel,Ankara Fabric (6yds),1,18431,18431,Retail
BM-11109,19/08/2025,Lagos,Bloom Mart Surulere,Electronics,Power Bank 10000mAh,1,15091,15091,Corporate
BM-10367,19/08/2025,Abuja,Bloom Mart Wuse,Grocery,Sugar 2kg,1,2562,2562,Retail
BM-10037,20/08/2025,Abuja,Bloom Mart Garki,Grocery,Rice 5kg Bag,2,6450,12900,Retail
BM-10007,20/08/2025,Ibadan,Bloom Mart Ring Road,Fashion & Apparel,Kids School Bag,1,8109,8109,Retail
BM-10599,20/08/2025,Abuja,Bloom Mart Wuse,Electronics,LED Desk Lamp,1,7702,7702,Retail
BM-12017,20/08/2025,Ibadan,Bloom Mart Bodija,Home & Kitchen,Electric Kettle,1,9889,9889,Wholesale
BM-11532,20/08/2025,Lagos,Bloom Mart Surulere,Home & Kitchen,Electric Kettle,1,9705,9705,Retail
BM-11845,21/08/2025,Lagos,Bloom Mart Lekki,Home & Kitchen,Cutlery Set (24pc),3,12577,37731,Corporate
BM-11878,21/08/2025,Lagos,Bloom Mart Ikeja,Home & Kitchen,Storage Container Set,1,6440,6440,Corporate
BM-11263,21/08/2025,Port Harcourt,Bloom Mart Rumuola,Fashion & Apparel,Ladies Sandals,1,9352,9352,Corporate
BM-11263,21/08/2025,Port Harcourt,Bloom Mart Rumuola,Fashion & Apparel,Ladies Sandals,1,9352,9352,Corporate
BM-10441,21/08/2025,Abuja,Bloom Mart Wuse,Health & Beauty,Body Lotion 400ml,2,4437,8874,Retail
BM-10728,21/08/2025,Abuja,Bloom Mart Wuse,Fashion & Apparel,Kids School Bag,2,9008,18016,Retail
BM-10208,22/08/2025,Port Harcourt,Bloom Mart GRA,Grocery,Spaghetti Carton,1,11442,11442,Retail
BM-10757,22/08/2025,Lagos,Bloom Mart Ikeja,Home & Kitchen,Storage Container Set,1,6478,6478,Corporate
BM-12098,22/08/2025,Abuja,Bloom Mart Wuse,Home & Kitchen,Electric Kettle,2,9385,18770,Wholesale
BM-10734,22/08/2025,Lagos,Bloom Mart Lekki,Grocery,Vegetable Oil 4L,3,8832,26496,Wholesale
BM-11937,23/08/2025,Lagos,Bloom Mart Lekki,Home & Kitchen,Non-stick Frying Pan,2,8386,16772,Retail
BM-12064,23/08/2025,Lagos,Bloom Mart Ikeja,Grocery,Rice 5kg Bag,1,6386,6386,Corporate
BM-11339,23/08/2025,Ibadan,Bloom Mart Bodija,Toys & Games,Puzzle Game,2,4241,8482,Corporate
BM-11757,23/08/2025,Abuja,Bloom Mart Garki,Electronics,Bluetooth Earphones,1,11026,11026,Wholesale
BM-11728,23/08/2025,Port Harcourt,Bloom Mart Rumuola,Grocery,Spaghetti Carton,3,11141,33423,Wholesale
BM-10672,23/08/2025,Lagos,Bloom Mart Lekki,Home & Kitchen,Storage Container Set,2,6795,13590,Wholesale
BM-11015,23/08/2025,Lagos,Bloom Mart Lekki,Home & Kitchen,Storage Container Set,1,6799,6799,Corporate
BM-11104,23/08/2025,Lagos,Bloom Mart Surulere,Fashion & Apparel,Men's Polo Shirt,1,7169,7169,Retail
BM-10430,23/08/2025,Abuja,Bloom Mart Garki,Home & Kitchen,Electric Kettle,1,9764,9764,Corporate
BM-11117,24/08/2025,Ibadan,Bloom Mart Ring Road,Electronics,Bluetooth Earphones,2,11825,23650,Retail
BM-11721,24/08/2025,Lagos,Bloom Mart Ikeja,Office Supplies,Ballpoint Pens (10pk),3,1575,4725,Corporate
BM-10466,25/08/2025,Lagos,Bloom Mart Ikeja,Home & Kitchen,Blender 1.5L,1,15099,15099,Retail
BM-10325,25/08/2025,Lagos,Bloom Mart Lekki,Electronics,LED Desk Lamp,1,7239,7239,Retail
BM-11234,25/08/2025,Abuja,Bloom Mart Garki,Fashion & Apparel,Kids School Bag,1,8218,8218,Retail
BM-10935,25/08/2025,Abuja,Bloom Mart Garki,Electronics,LED Desk Lamp,1,8088,8088,Retail
BM-10762,25/08/2025,Lagos,Bloom Mart Lekki,Home & Kitchen,Blender 1.5L,3,15599,46797,Wholesale
BM-11647,25/08/2025,Ibadan,Bloom Mart Ring Road,Home & Kitchen,Non-stick Frying Pan,1,8529,8529,Corporate
BM-11354,26/08/2025,Lagos,Bloom Mart Lekki,Home & Kitchen,Blender 1.5L,1,16407,16407,Wholesale
BM-12088,26/08/2025,Abuja,Bloom Mart Garki,Grocery,Rice 5kg Bag,1,6357,6357,Retail
BM-10013,26/08/2025,Abuja,,Electronics,Phone Charger Cable,1,2535,2535,Retail
BM-10711,26/08/2025,Lagos,Bloom Mart Surulere,Electronics,LED Desk Lamp,1,7169,7169,Retail
BM-11745,26/08/2025,Abuja,Bloom Mart Garki,Home & Kitchen,Non-stick Frying Pan,1,8739,8739,Corporate
BM-11200,26/08/2025,Ibadan,Bloom Mart Ring Road,Electronics,Bluetooth Earphones,1,11680,11680,Corporate
BM-11881,26/08/2025,Ibadan,Bloom Mart Bodija,Home & Kitchen,Non-stick Frying Pan,1,8702,8702,Wholesale
BM-11022,26/08/2025,Abuja,Bloom Mart Garki,Electronics,Extension Socket,1,5739,5739,Retail
BM-10236,26/08/2025,PH,Bloom Mart GRA,Health & Beauty,Hair Cream,1,3679,3679,Retail
BM-10855,26/08/2025,Ibadan,Bloom Mart Bodija,Home & Kitchen,Blender 1.5L,3,16685,50055,Retail
BM-11526,26/08/2025,Lagos,Bloom Mart Lekki,Home & Kitchen,Cutlery Set (24pc),2,11897,23794,Wholesale
BM-11069,26/08/2025,Ibadan,Bloom Mart Bodija,Grocery,Sugar 2kg,5,2572,12860,Corporate
BM-10477,26/08/2025,Port Harcourt,Bloom Mart GRA,Fashion & Apparel,Kids School Bag,1,8639,8639,Corporate
BM-11934,27/08/2025,Abuja,Bloom Mart Garki,Grocery,Tomato Paste (12pk),5,6969,34845,Retail
BM-10824,27/08/2025,Lagos,Bloom Mart Ikeja,Fashion & Apparel,Kids School Bag,1,8949,8949,Wholesale
BM-12022,27/08/2025,Lagos,Bloom Mart Ikeja,Home & Kitchen,Electric Kettle,1,10130,10130,Corporate
BM-10530,27/08/2025,Abuja,Bloom Mart Wuse,Home & Kitchen,Electric Kettle,1,10223,10223,Corporate
BM-11722,27/08/2025,Lagos,Bloom Mart Ikeja,Electronics,Phone Charger Cable,2,2616,5232,Retail
BM-10520,27/08/2025,Abuja,Bloom Mart Wuse,Electronics,Phone Charger Cable,1,2620,2620,Retail
BM-11964,27/08/2025,Lagos,Bloom Mart Surulere,Electronics,Power Bank 10000mAh,1,14652,14652,Retail
BM-12030,27/08/2025,Abuja,Bloom Mart Garki,Fashion & Apparel,Ladies Sandals,1,9484,9484,Corporate
BM-11009,28/08/2025,Port Harcourt,Bloom Mart GRA,Health & Beauty,Body Lotion 400ml,1,4265,4265,Wholesale
BM-11485,28/08/2025,Lagos,Bloom Mart Surulere,Home & Kitchen,Cutlery Set (24pc),1,11985,11985,Retail
BM-11169,28/08/2025,Ibadan,Bloom Mart Bodija,Home & Kitchen,Blender 1.5L,2,16394,32788,Retail
BM-11629,28/08/2025,Lagos,Bloom Mart Ikeja,Grocery,Rice 5kg Bag,1,6161,6161,Retail
BM-10951,28/08/2025,Port Harcourt,Bloom Mart Rumuola,Health & Beauty,Body Lotion 400ml,2,4447,8894,Retail
BM-10614,29/08/2025,lagos,Bloom Mart Ikeja,Fashion & Apparel,Kids School Bag,1,8144,8144,Retail
BM-10486,29/08/2025,Lagos,Bloom Mart Lekki,Electronics,Power Bank 10000mAh,2,13954,27908,
BM-10874,29/08/2025,Lagos,Bloom Mart Ikeja,Health & Beauty,Body Lotion 400ml,1,4256,4256,Wholesale
BM-11736,29/08/2025,Lagos,Bloom Mart Ikeja,Fashion & Apparel,Unisex Cap,1,2863,2863,Wholesale
BM-11023,30/08/2025,Port Harcourt,Bloom Mart GRA,Home & Kitchen,Non-stick Frying Pan,1,8362,8362,Wholesale
BM-11978,30/08/2025,port harcourt ,Bloom Mart GRA,Toys & Games,Puzzle Game,1,4272,4272,Wholesale
BM-10122,30/08/2025,Abuja,Bloom Mart Garki,Electronics,Extension Socket,2,6306,12612,Retail
BM-12074,31/08/2025,Port Harcourt,Bloom Mart GRA,Home & Kitchen,Blender 1.5L,2,16480,32960,Corporate
BM-11709,31/08/2025,Ibadan,Bloom Mart Ring Road,Home & Kitchen,Electric Kettle,1,10181,10181,Retail
BM-11505,31/08/2025,Lagos,Bloom Mart Ikeja,Grocery,Spaghetti Carton,1,11152,11152,Retail
BM-11709,31/08/2025,Ibadan,Bloom Mart Ring Road,Home & Kitchen,Electric Kettle,1,10181,10181,Retail
BM-10638,01/09/2025,Ibadan,Bloom Mart Bodija,Health & Beauty,Shea Butter Soap Pack,2,3624,7248,Wholesale
BM-11316,01/09/2025,Lagos,Bloom Mart Surulere,Health & Beauty,Body Lotion 400ml,1,4426,4426,Retail
BM-11122,01/09/2025,Ibadan,Bloom Mart Bodija,Home & Kitchen,Cutlery Set (24pc),1,11679,11679,Retail
BM-10123,01/09/2025,Lagos,Bloom Mart Surulere,Electronics,Phone Charger Cable,2,2467,4934,Retail
BM-11329,01/09/2025,Lagos,Bloom Mart Surulere,Home & Kitchen,Cutlery Set (24pc),1,12193,12193,Retail
BM-11198,01/09/2025,Abuja,Bloom Mart Garki,Home & Kitchen,Cutlery Set (24pc),2,12755,25510,Wholesale
BM-10910,01/09/2025,Ibadan,Bloom Mart Bodija,Electronics,Extension Socket,2,5929,11858,Corporate
BM-11841,01/09/2025,Ibadan,Bloom Mart Ring Road,Home & Kitchen,Storage Container Set,1,6197,6197,Wholesale
BM-10152,02/09/2025,Abuja,Bloom Mart Wuse,Office Supplies,Notebook Pack,1,3424,3424,Retail
BM-11625,02/09/2025,Abuja,Bloom Mart Garki,Health & Beauty,Toothpaste (3pk),1,2110,2110,Wholesale
BM-11893,02/09/2025,Lagos,Bloom Mart Ikeja,Home & Kitchen,Storage Container Set,1,6261,6261,Retail
BM-11115,02/09/2025,Ibadan,Bloom Mart Bodija,Health & Beauty,Body Lotion 400ml,2,4354,8708,Wholesale
BM-11115,02/09/2025,Ibadan,Bloom Mart Bodija,health & beauty ,Body Lotion 400ml,2,4354,8708,Wholesale
BM-10697,02/09/2025,Ibadan,Bloom Mart Bodija,Electronics,Power Bank 10000mAh,1,14810,14810,Wholesale
BM-11636,02/09/2025,Ibadan,Bloom Mart Bodija,Office Supplies,Notebook Pack,1,3388,3388,Retail
BM-11893,02/09/2025,Lagos,Bloom Mart Ikeja,Home & Kitchen,Storage Container Set,1,6261,6261,Retail
BM-11504,02/09/2025,Ibadan,Bloom Mart Bodija,Grocery,Rice 5kg Bag,1,6015,6015,Retail
BM-10697,02/09/2025,Ibadan,Bloom Mart Bodija,Electronics,Power Bank 10000mAh,1,14810,14810,Wholesale
BM-10701,03/09/2025,Ibadan,Bloom Mart Ring Road,Grocery,Spaghetti Carton,1,11116,11116,Wholesale
BM-10919,03/09/2025,Abuja,Bloom Mart Wuse,Electronics,Bluetooth Earphones,1,11056,11056,Retail
BM-10903,03/09/2025,Port Harcourt,Bloom Mart Rumuola,Home & Kitchen,Electric Kettle,1,10160,10160,Wholesale
BM-12113,03/09/2025,Lagos,Bloom Mart Lekki,Home & Kitchen,Blender 1.5L,1,16010,16010,Retail
BM-11718,03/09/2025,Abuja,Bloom Mart Garki,Health & Beauty,Shea Butter Soap Pack,1,3462,3462,Retail
BM-10141,04/09/2025,Abuja,Bloom Mart Garki,Home & Kitchen,Non-stick Frying Pan,1,9063,9063,Retail
BM-11085,04/09/2025,Lagos,Bloom Mart Ikeja,Grocery,Spaghetti Carton,1,11600,11600,Retail
BM-10366,04/09/2025,Abuja,Bloom Mart Wuse,Grocery,Spaghetti Carton,1,12326,12326,Retail
BM-11918,04/09/2025,Ibadan,Bloom Mart Ring Road,Fashion & Apparel,Ankara Fabric (6yds),1,18271,18271,Retail
BM-10845,04/09/2025,Ibadan,Bloom Mart Ring Road,Fashion & Apparel,Ankara Fabric (6yds),1,17649,17649,Retail
BM-10331,05/09/2025,Lagos,Bloom Mart Surulere,Office Supplies,Notebook Pack,1,3347,3347,Corporate
BM-11089,05/09/2025,Lagos,Bloom Mart Lekki,Home & Kitchen,Cutlery Set (24pc),1,12956,12956,Corporate
BM-11294,05/09/2025,Lagos,Bloom Mart Surulere,Grocery,Sugar 2kg,1,2710,2710,Corporate
BM-11800,05/09/2025,Lagos,Bloom Mart Ikeja,Health & Beauty,Shea Butter Soap Pack,2,3686,7372,Retail
BM-10956,05/09/2025,Ibadan,Bloom Mart Bodija,Home & Kitchen,Cutlery Set (24pc),2,12591,25182,Retail
BM-10075,05/09/2025,Abuja,Bloom Mart Wuse,Electronics,Phone Charger Cable,1,2593,2593,Corporate
BM-11106,05/09/2025,Lagos,Bloom Mart Ikeja,Fashion & Apparel,Ladies Sandals,1,9098,9098,Retail
BM-10563,06/09/2025,Ibadan,Bloom Mart Ring Road,Home & Kitchen,Blender 1.5L,1,15147,15147,Wholesale
BM-10537,06/09/2025,Ibadan,Bloom Mart Ring Road,Fashion & Apparel,Kids School Bag,2,8425,16850,Wholesale
BM-10415,06/09/2025,Ibadan,Bloom Mart Ring Road,Office Supplies,Ballpoint Pens (10pk),4,1617,6468,Wholesale
BM-10188,06/09/2025,Ibadan,Bloom Mart Bodija,Home & Kitchen,Blender 1.5L,3,15258,45774,Corporate
BM-11275,06/09/2025,Lagos,Bloom Mart Surulere,Grocery,Spaghetti Carton,1,12180,12180,Retail
BM-10645,06/09/2025,Lagos,Bloom Mart Lekki,Electronics,Phone Charger Cable,2,2554,5108,Retail
BM-11575,06/09/2025,Abuja,Bloom Mart Wuse,Grocery,Spaghetti Carton,1,11368,11368,Retail
BM-11007,06/09/2025,Abuja,Bloom Mart Garki,Grocery,Sugar 2kg,1,2500,2500,Corporate
BM-11671,07/09/2025,Lagos,Bloom Mart Surulere,Fashion & Apparel,Men's Polo Shirt,1,7014,7014,Retail
BM-11996,07/09/2025,Abuja,Bloom Mart Wuse,Home & Kitchen,Non-stick Frying Pan,1,8909,8909,Corporate
BM-11917,07/09/2025,Port Harcourt,Bloom Mart Rumuola,Toys & Games,Building Blocks Set,1,6436,6436,Corporate
BM-11451,07/09/2025,Port Harcourt,Bloom Mart GRA,Office Supplies,A4 Paper Ream,1,4980,4980,
BM-12095,07/09/2025,Abuja,Bloom Mart Garki,Fashion & Apparel,Unisex Cap,2,3095,6190,Retail
BM-10585,07/09/2025,Lagos,Bloom Mart Ikeja,Home & Kitchen,Blender 1.5L,3,15505,46515,
BM-10103,07/09/2025,Lagos,Bloom Mart Ikeja,Office Supplies,Notebook Pack,2,3081,6162,Retail
BM-10540,07/09/2025,Lagos,Bloom Mart Lekki,Grocery,Vegetable Oil 4L,2,9318,18636,Retail
BM-10212,07/09/2025,Abuja,Bloom Mart Garki,Electronics,Bluetooth Earphones,1,10573,10573,Retail
BM-11971,08/09/2025,Lagos,Bloom Mart Surulere,Home & Kitchen,Electric Kettle,5,10177,50885,Corporate
BM-11003,08/09/2025,Ibadan,Bloom Mart Ring Road,Fashion & Apparel,Kids School Bag,2,8173,16346,Retail
BM-11313,08/09/2025,Abuja,Bloom Mart Garki,Grocery,Rice 5kg Bag,2,6694,13388,Retail
BM-11024,08/09/2025,Abuja,Bloom Mart Wuse,Grocery,Rice 5kg Bag,1,6374,6374,Corporate
BM-10125,08/09/2025,Lagos,Bloom Mart Lekki,Electronics,Phone Charger Cable,1,2573,2573,Corporate
BM-10731,08/09/2025,Lagos,Bloom Mart Ikeja,Home & Kitchen,Blender 1.5L,1,15218,15218,Retail
BM-10277,08/09/2025,Abuja,Bloom Mart Garki,Electronics,Bluetooth Earphones,1,11195,11195,Retail
BM-10985,09/09/2025,Ibadan,Bloom Mart Bodija,Grocery,Tomato Paste (12pk),1,7550,7550,Retail
BM-10736,09/09/2025,Port Harcourt,Bloom Mart GRA,Electronics,Bluetooth Earphones,2,11724,23448,Retail
BM-11550,09/09/2025, Lagos,Bloom Mart Lekki,Grocery,Spaghetti Carton,1,11725,11725,Retail
BM-11029,09/09/2025,Abuja,Bloom Mart Wuse,Health & Beauty,Body Lotion 400ml,5,4180,20900,Retail
BM-10551,09/09/2025,Lagos,Bloom Mart Ikeja,Home & Kitchen,Cutlery Set (24pc),1,11401,11401,Retail
BM-11408,09/09/2025,Abuja,Bloom Mart Garki,Fashion & Apparel,Ladies Sandals,1,10003,10003,Retail
BM-11300,09/09/2025,Port Harcourt,Bloom Mart GRA,Home & Kitchen,Cutlery Set (24pc),1,12872,12872,Retail
BM-10989,09/09/2025,Lagos,Bloom Mart Lekki,Grocery,Rice 5kg Bag,1,5891,5891,Retail
BM-10752,10/09/2025,Lagos,Bloom Mart Ikeja,Fashion & Apparel,Ankara Fabric (6yds),1,18243,18243,Wholesale
BM-10948,10/09/2025,Lagos,Bloom Mart Ikeja,Fashion & Apparel,Kids School Bag,1,8263,8263,Retail
BM-10299,10/09/2025,Lagos,Bloom Mart Lekki,Electronics,Power Bank 10000mAh,1,13833,13833,Retail
BM-10803,10/09/2025,Abuja,Bloom Mart Wuse,Electronics,Bluetooth Earphones,1,11751,11751,Wholesale
BM-10929,10/09/2025,Port Harcourt,Bloom Mart Rumuola,Home & Kitchen,Electric Kettle,2,10201,20402,Retail
BM-11688,10/09/2025,Lagos,Bloom Mart Lekki,Health & Beauty,Body Lotion 400ml,1,4334,4334,Corporate
BM-10783,10/09/2025,Lagos,Bloom Mart Surulere,Grocery,Sugar 2kg,1,2587,2587,Corporate
BM-10583,10/09/2025,Lagos,Bloom Mart Surulere,Home & Kitchen,Storage Container Set,2,6926,13852,Retail
BM-10960,10/09/2025,Abuja,Bloom Mart Wuse,Grocery,Sugar 2kg,3,2707,8121,Corporate
BM-11513,11/09/2025,Lagos,Bloom Mart Ikeja,Fashion & Apparel,Kids School Bag,1,8440,8440,Retail
BM-11645,11/09/2025,Port Harcourt,Bloom Mart GRA,Health & Beauty,Hair Cream,1,4048,4048,Corporate
BM-11048,11/09/2025,Lagos,Bloom Mart Lekki,Home & Kitchen,Blender 1.5L,2,15932,31864,Retail
BM-10582,11/09/2025,Lagos,Bloom Mart Ikeja,Toys & Games,Building Blocks Set,1,6412,6412,Retail
BM-11369,11/09/2025,Lagos,Bloom Mart Surulere,Electronics,Power Bank 10000mAh,1,15005,15005,Retail
BM-11213,11/09/2025,Abuja,Bloom Mart Wuse,Home & Kitchen,Non-stick Frying Pan,2,8962,17924,Wholesale
BM-11363,11/09/2025,Lagos,Bloom Mart Lekki,Home & Kitchen,Cutlery Set (24pc),1,12232,12232,Corporate
BM-10010,12/09/2025,Lagos,Bloom Mart Lekki,Electronics,Power Bank 10000mAh,1,14963,14963,Retail
BM-11438,12/09/2025,Abuja,Bloom Mart Wuse,Electronics,Bluetooth Earphones,1,11100,11100,Retail
BM-11569,12/09/2025,Abuja,Bloom Mart Wuse,Health & Beauty,Body Lotion 400ml,1,4080,4080,Retail
BM-11705,12/09/2025,Lagos,Bloom Mart Surulere,Grocery,Vegetable Oil 4L,1,9201,9201,Retail
BM-11914,13/09/2025,Lagos,Bloom Mart Surulere,Home & Kitchen,Non-stick Frying Pan,1,8230,8230,Retail
BM-12083,13/09/2025,Lagos,Bloom Mart Surulere,Electronics,LED Desk Lamp,4,7334,29336,Wholesale
BM-10011,13/09/2025,Port Harcourt,Bloom Mart GRA,Office Supplies,A4 Paper Ream,1,5007,5007,Wholesale
BM-10967,13/09/2025,Ibadan,Bloom Mart Bodija,Electronics,Extension Socket,1,6168,6168,Corporate
BM-11955,13/09/2025,Lagos,Bloom Mart Lekki,Fashion & Apparel,Ankara Fabric (6yds),1,17153,17153,Retail
BM-11632,14/09/2025,Ibadan,Bloom Mart Ring Road,Home & Kitchen,Blender 1.5L,1,15991,15991,Retail
BM-12013,14/09/2025,Lagos,Bloom Mart Surulere,Home & Kitchen,Non-stick Frying Pan,3,8256,24768,Corporate
BM-11879,14/09/2025,Lagos,Bloom Mart Surulere,Home & Kitchen,Electric Kettle,1,9373,9373,Retail
BM-11922,14/09/2025,Port Harcourt,Bloom Mart Rumuola,Electronics,Bluetooth Earphones,2,11600,23200,Retail
BM-11950,14/09/2025,Ibadan,Bloom Mart Ring Road,Health & Beauty,Shea Butter Soap Pack,1,3348,3348,Retail
BM-11453,14/09/2025,Port Harcourt,Bloom Mart Rumuola,Electronics,Phone Charger Cable,1,2510,2510,Wholesale
BM-11001,14/09/2025,Abuja,Bloom Mart Wuse,Fashion & Apparel,Kids School Bag,5,8911,44555,Retail
BM-11476,15/09/2025,Ibadan,Bloom Mart Bodija,Health & Beauty,Body Lotion 400ml,2,4209,8418,Retail
BM-10180,15/09/2025,Abuja,Bloom Mart Garki,Fashion & Apparel,Ankara Fabric (6yds),2,18850,37700,Wholesale
BM-10456,15/09/2025,Abuja,Bloom Mart Garki,Fashion & Apparel,Unisex Cap,1,3113,3113,Retail
BM-11958,15/09/2025,lagos,Bloom Mart Lekki,Health & Beauty,Toothpaste (3pk),2,2075,4150,Corporate
BM-10320,15/09/2025,Abuja,Bloom Mart Wuse,Home & Kitchen,Blender 1.5L,2,15077,30154,Corporate
BM-11651,15/09/2025,Lagos,Bloom Mart Lekki,Home & Kitchen,Cutlery Set (24pc),1,12660,12660,Wholesale
BM-10166,15/09/2025,Port Harcourt,Bloom Mart GRA,Electronics,Extension Socket,1,5982,5982,Retail
BM-10320,15/09/2025,Abuja,Bloom Mart Wuse,home & kitchen ,Blender 1.5L,2,15077,30154,Corporate
BM-10162,15/09/2025,Lagos,Bloom Mart Ikeja,Health & Beauty,Shea Butter Soap Pack,2,3750,7500,Retail
BM-10816,16/09/2025,Lagos,Bloom Mart Lekki,Home & Kitchen,Non-stick Frying Pan,1,8332,8332,Retail
BM-11701,16/09/2025,Abuja,Bloom Mart Garki,Home & Kitchen,Blender 1.5L,1,15802,15802,Wholesale
BM-11936,16/09/2025,Lagos,Bloom Mart Ikeja,Health & Beauty,Toothpaste (3pk),1,2098,2098,Retail
BM-10201,17/09/2025,Lagos,Bloom Mart Surulere,Fashion & Apparel,Ladies Sandals,2,9455,18910,Retail
BM-11187,17/09/2025,Ibadan,Bloom Mart Bodija,Home & Kitchen,Electric Kettle,1,9219,9219,Retail
BM-12073,17/09/2025,Port Harcourt,Bloom Mart GRA,Health & Beauty,Body Lotion 400ml,1,4422,4422,Corporate
BM-12026,17/09/2025,Lagos,Bloom Mart Surulere,electronics ,Bluetooth Earphones,1,10780,10780,Retail
BM-11187,17/09/2025,Ibadan,Bloom Mart Bodija,Home & Kitchen,Electric Kettle,1,9219,9219,Retail
BM-11659,17/09/2025,Lagos,Bloom Mart Ikeja,Fashion & Apparel,Unisex Cap,2,3053,6106,Retail
BM-10373,18/09/2025,Lagos,Bloom Mart Ikeja,Grocery,Vegetable Oil 4L,1,8673,8673,Retail
BM-10703,18/09/2025,Lagos,Bloom Mart Ikeja,Electronics,Power Bank 10000mAh,4,15255,61020,Retail
BM-10459,18/09/2025,Port-Harcourt,Bloom Mart GRA,Toys & Games,Building Blocks Set,2,7008,14016,Retail
BM-11392,18/09/2025,Lagos,Bloom Mart Ikeja,Electronics,Extension Socket,1,5926,5926,
BM-11099,18/09/2025,Lagos,Bloom Mart Ikeja,Health & Beauty,Shea Butter Soap Pack,1,3721,3721,Corporate
BM-10467,18/09/2025,Port Harcourt,Bloom Mart Rumuola,Fashion & Apparel,Ankara Fabric (6yds),1,19315,19315,Corporate
BM-10768,18/09/2025,Abuja,Bloom Mart Wuse,Grocery,Vegetable Oil 4L,1,8763,8763,Wholesale
BM-11979,18/09/2025,Abuja,Bloom Mart Garki,Grocery,Tomato Paste (12pk),2,7097,14194,Wholesale
BM-12068,19/09/2025,Lagos,Bloom Mart Lekki,Home & Kitchen,Cutlery Set (24pc),1,12820,12820,Retail
BM-11865,19/09/2025,Lagos,Bloom Mart Ikeja,Health & Beauty,Hair Cream,1,3889,3889,Wholesale
BM-10606,19/09/2025,Lagos,Bloom Mart Surulere,Fashion & Apparel,Ladies Sandals,3,9088,27264,Retail
BM-12008,20/09/2025,Port Harcourt,Bloom Mart GRA,Health & Beauty,Body Lotion 400ml,1,4160,4160,Wholesale
BM-11890,20/09/2025,Ibadan,Bloom Mart Bodija,Toys & Games,Puzzle Game,4,4020,16080,Wholesale
BM-11828,20/09/2025,Abuja,Bloom Mart Wuse,Electronics,Phone Charger Cable,4,2567,10268,Retail
BM-12034,20/09/2025,Port Harcourt,Bloom Mart GRA,Electronics,Phone Charger Cable,2,2381,4762,Corporate
BM-11444,20/09/2025,Lagos,Bloom Mart Surulere,Home & Kitchen,Non-stick Frying Pan,1,9173,9173,Retail
BM-10854,20/09/2025,Abuja,Bloom Mart Wuse,Fashion & Apparel,Ladies Sandals,1,9647,9647,Retail
BM-11450,21/09/2025,Ibadan,Bloom Mart Bodija,Grocery,Rice 5kg Bag,1,5943,5943,Wholesale
BM-10172,21/09/2025,Lagos,Bloom Mart Surulere,Office Supplies,Notebook Pack,1,3084,3084,Retail
BM-10826,21/09/2025,Lagos,Bloom Mart Lekki,Grocery,Tomato Paste (12pk),3,7501,22503,Wholesale
BM-11183,21/09/2025,Abuja,Bloom Mart Garki,Toys & Games,Puzzle Game,1,4134,4134,Retail
BM-10815,21/09/2025,Port Harcourt,Bloom Mart GRA,Fashion & Apparel,Kids School Bag,1,8319,8319,Retail
BM-10476,21/09/2025,Lagos,Bloom Mart Ikeja,Home & Kitchen,Cutlery Set (24pc),2,12807,25614,Retail
BM-11063,22/09/2025,Lagos,Bloom Mart Surulere,Home & Kitchen,Blender 1.5L,1,15734,15734,Retail
BM-11802,22/09/2025,Abuja,Bloom Mart Garki,Grocery,Rice 5kg Bag,1,6615,6615,Retail
BM-10197,23/09/2025,Port Harcourt,Bloom Mart GRA,Health & Beauty,Body Lotion 400ml,2,4396,8792,Retail
BM-10647,23/09/2025,Lagos,Bloom Mart Surulere,Home & Kitchen,Non-stick Frying Pan,1,8238,8238,Corporate
BM-10545,24/09/2025,Abuja,Bloom Mart Garki,Home & Kitchen,Non-stick Frying Pan,1,8555,8555,Corporate
BM-10329,24/09/2025,Lagos,Bloom Mart Lekki,Home & Kitchen,Non-stick Frying Pan,2,9039,18078,Retail
BM-10043,24/09/2025,Lagos,Bloom Mart Ikeja,Office Supplies,Ballpoint Pens (10pk),1,1518,1518,Wholesale
BM-11908,24/09/2025,Lagos,Bloom Mart Lekki,Fashion & Apparel,Ladies Sandals,1,9423,9423,Corporate
BM-11080,24/09/2025,Ibadan,Bloom Mart Ring Road,Electronics,Power Bank 10000mAh,5,14494,72470,Corporate
BM-12104,25/09/2025,Ibadan,Bloom Mart Bodija,Toys & Games,Building Blocks Set,1,6527,6527,Retail
BM-11992,25/09/2025,Abuja,Bloom Mart Wuse,Electronics,LED Desk Lamp,2,7649,15298,Retail
BM-10649,25/09/2025,Abuja,Bloom Mart Wuse,Grocery,Spaghetti Carton,1,12336,12336,Retail
BM-12018,25/09/2025, Lagos,Bloom Mart Ikeja,Grocery,Spaghetti Carton,1,11453,11453,Wholesale
BM-11795,25/09/2025,Abuja,Bloom Mart Wuse,Fashion & Apparel,Unisex Cap,4,2885,11540,Corporate
BM-11580,25/09/2025,Port Harcourt,Bloom Mart Rumuola,Grocery,Rice 5kg Bag,1,6061,6061,Retail
BM-11506,25/09/2025,Abuja,Bloom Mart Garki,Home & Kitchen,Storage Container Set,1,6255,6255,Retail
BM-10049,26/09/2025,Lagos,Bloom Mart Surulere,Electronics,Bluetooth Earphones,1,11851,11851,Wholesale
BM-12042,26/09/2025,Ibadan,Bloom Mart Ring Road,Health & Beauty,Body Lotion 400ml,2,4497,8994,Retail
BM-12076,26/09/2025,Lagos,Bloom Mart Lekki,Electronics,Bluetooth Earphones,1,10532,10532,Retail
BM-10177,26/09/2025,Abuja,Bloom Mart Wuse,Home & Kitchen,Cutlery Set (24pc),1,11604,11604,Wholesale
BM-11909,26/09/2025,Lagos,Bloom Mart Surulere,Home & Kitchen,Cutlery Set (24pc),2,12502,25004,Retail
BM-11214,27/09/2025,Ibadan,Bloom Mart Ring Road,Home & Kitchen,Non-stick Frying Pan,2,8657,17314,Retail
BM-10023,27/09/2025,Ibadan,Bloom Mart Bodija,Home & Kitchen,Cutlery Set (24pc),1,12020,12020,Corporate
BM-12092,27/09/2025,Abuja,Bloom Mart Garki,Toys & Games,Building Blocks Set,1,6876,6876,Retail
BM-10092,27/09/2025,Ibadan,Bloom Mart Bodija,Health & Beauty,Body Lotion 400ml,1,4058,4058,Retail
BM-11764,28/09/2025,Port Harcourt,Bloom Mart GRA,Electronics,Extension Socket,2,5769,11538,Corporate
BM-11076,28/09/2025,Abuja,Bloom Mart Wuse,Grocery,Spaghetti Carton,1,10970,10970,Wholesale
BM-11305,28/09/2025,Port Harcourt,Bloom Mart Rumuola,Grocery,Spaghetti Carton,2,11431,22862,Wholesale
BM-11181,29/09/2025,Abuja,Bloom Mart Wuse,Electronics,Bluetooth Earphones,1,11107,11107,Retail
BM-11737,29/09/2025,Abuja,Bloom Mart Wuse,Home & Kitchen,Electric Kettle,1,9857,9857,Wholesale
BM-10636,29/09/2025,Ibadan,Bloom Mart Bodija,Home & Kitchen,Cutlery Set (24pc),2,12609,25218,Retail
BM-12121,29/09/2025,Ibadan,Bloom Mart Bodija,Health & Beauty,Toothpaste (3pk),2,2194,4388,Retail
BM-11207,29/09/2025,Lagos,Bloom Mart Surulere,Fashion & Apparel,Ankara Fabric (6yds),1,18361,18361,Retail
BM-10204,29/09/2025,ABUJA,Bloom Mart Wuse,Fashion & Apparel,Men's Polo Shirt,1,7232,7232,Retail
BM-10213,29/09/2025,Abuja,Bloom Mart Garki,Grocery,Spaghetti Carton,1,12061,12061,Retail
BM-10300,30/09/2025,Abuja,Bloom Mart Wuse,Fashion & Apparel,Ankara Fabric (6yds),1,17196,17196,Retail
BM-10656,30/09/2025,Abuja,Bloom Mart Garki,Grocery,Sugar 2kg,2,2579,5158,Retail
BM-10616,30/09/2025,Lagos,Bloom Mart Ikeja,Electronics,Phone Charger Cable,2,2578,5156,Wholesale
BM-10823,30/09/2025,Lagos,Bloom Mart Lekki,Grocery,Spaghetti Carton,2,12045,24090,Wholesale
BM-11640,30/09/2025,Abuja,Bloom Mart Garki,Grocery,Sugar 2kg,1,2766,2766,Retail
BM-11171,01/10/2025,Port Harcourt,Bloom Mart GRA,Home & Kitchen,Non-stick Frying Pan,1,8710,8710,Corporate
BM-11248,01/10/2025,Port Harcourt,Bloom Mart Rumuola,Fashion & Apparel,Ankara Fabric (6yds),4,18114,72456,Corporate
BM-11126,01/10/2025,ABUJA,Bloom Mart Garki,Grocery,Rice 5kg Bag,3,6660,19980,Retail
BM-11886,01/10/2025,Lagos,Bloom Mart Ikeja,Grocery,Sugar 2kg,1,2546,2546,Retail
BM-11353,01/10/2025,Port Harcourt,Bloom Mart GRA,Fashion & Apparel,Kids School Bag,2,9115,18230,Corporate
BM-10202,01/10/2025, Lagos,Bloom Mart Lekki,Health & Beauty,Body Lotion 400ml,1,4473,4473,Wholesale
BM-11567,01/10/2025,Abuja,Bloom Mart Wuse,Home & Kitchen,Blender 1.5L,1,15200,15200,Wholesale
BM-10569,01/10/2025,Lagos,Bloom Mart Surulere,Grocery,Spaghetti Carton,1,10950,10950,Retail
BM-10742,01/10/2025,Lagos,Bloom Mart Lekki,Fashion & Apparel,Unisex Cap,1,2910,2910,Retail
BM-12097,01/10/2025,Abuja,Bloom Mart Garki,Office Supplies,Ballpoint Pens (10pk),1,1442,1442,Retail
BM-11660,02/10/2025,Ibadan,Bloom Mart Bodija,Grocery,Vegetable Oil 4L,1,9007,9007,Retail
BM-10135,02/10/2025,Lagos,Bloom Mart Ikeja,Grocery,Tomato Paste (12pk),1,7184,7184,Retail
BM-11414,02/10/2025,Ibadan,Bloom Mart Ring Road,Electronics,Phone Charger Cable,2,2618,5236,Retail
BM-10774,02/10/2025, Lagos,Bloom Mart Ikeja,Fashion & Apparel,Kids School Bag,1,8794,8794,Wholesale
BM-11469,02/10/2025,Ibadan,,Fashion & Apparel,Ankara Fabric (6yds),1,17227,17227,Wholesale
BM-10136,02/10/2025,Lagos,Bloom Mart Lekki,Home & Kitchen,Blender 1.5L,2,15078,30156,Retail
BM-11697,02/10/2025,Lagos,Bloom Mart Ikeja,Home & Kitchen,Non-stick Frying Pan,1,8932,8932,Corporate
BM-10182,02/10/2025,Lagos,Bloom Mart Surulere,Electronics,Power Bank 10000mAh,1,14602,14602,Retail
BM-11791,02/10/2025,Ibadan,Bloom Mart Bodija,Fashion & Apparel,Men's Polo Shirt,1,6899,6899,Wholesale
BM-10416,03/10/2025,Port Harcourt,Bloom Mart Rumuola,Home & Kitchen,Non-stick Frying Pan,1,8920,8920,Retail
BM-10432,03/10/2025,Lagos,Bloom Mart Surulere,Electronics,Power Bank 10000mAh,1,15394,15394,Retail
BM-10714,03/10/2025,Lagos,Bloom Mart Surulere,Home & Kitchen,Non-stick Frying Pan,1,8628,8628,Wholesale
BM-11125,03/10/2025,Abuja,Bloom Mart Garki,Grocery,Sugar 2kg,5,2590,12950,Corporate
BM-10694,03/10/2025,Lagos,Bloom Mart Lekki,Home & Kitchen,Electric Kettle,1,9909,9909,Wholesale
BM-11646,03/10/2025,Lagos,Bloom Mart Ikeja,Electronics,Extension Socket,1,6136,6136,Retail
BM-11894,04/10/2025,Port Harcourt,Bloom Mart GRA,Electronics,Phone Charger Cable,1,2585,2585,Retail
BM-11858,04/10/2025,Abuja,Bloom Mart Garki,Home & Kitchen,Electric Kettle,2,9682,19364,Retail
BM-10389,04/10/2025,Port Harcourt,Bloom Mart GRA,Fashion & Apparel,Men's Polo Shirt,1,7507,7507,Retail
BM-10270,04/10/2025,Port Harcourt,Bloom Mart GRA,Fashion & Apparel,Unisex Cap,1,2976,2976,Retail
BM-11576,05/10/2025,lagos,Bloom Mart Lekki,Home & Kitchen,Storage Container Set,5,6832,34160,Retail
BM-10223,05/10/2025,Lagos,Bloom Mart Ikeja,Home & Kitchen,Storage Container Set,2,6324,12648,Retail
BM-10718,05/10/2025,Port Harcourt,Bloom Mart GRA,home & kitchen ,Non-stick Frying Pan,1,8208,8208,Wholesale
BM-10363,05/10/2025,Ibadan,Bloom Mart Ring Road,Home & Kitchen,Cutlery Set (24pc),3,12253,36759,Retail
BM-10693,05/10/2025,Abuja,Bloom Mart Garki,Fashion & Apparel,Ankara Fabric (6yds),2,18750,37500,Wholesale
BM-11726,05/10/2025,Lagos,Bloom Mart Lekki,Grocery,Tomato Paste (12pk),1,7038,7038,Retail
BM-10767,05/10/2025,Ibadan ,Bloom Mart Bodija,Electronics,Extension Socket,2,5913,11826,Retail
BM-11568,05/10/2025,Lagos,Bloom Mart Ikeja,Electronics,Bluetooth Earphones,1,11456,11456,Retail
BM-10730,06/10/2025,Abuja,Bloom Mart Wuse,Home & Kitchen,Cutlery Set (24pc),1,11400,11400,Corporate
BM-11304,06/10/2025,Lagos,Bloom Mart Ikeja,Health & Beauty,Body Lotion 400ml,2,4012,8024,Corporate
BM-10632,06/10/2025,Abuja,Bloom Mart Garki,Toys & Games,Puzzle Game,1,3936,3936,Retail
BM-11006,06/10/2025,Lagos,Bloom Mart Surulere,Electronics,LED Desk Lamp,1,7967,7967,Retail
BM-10423,06/10/2025,Lagos,Bloom Mart Ikeja,Electronics,Extension Socket,1,5951,5951,Retail
BM-10895,06/10/2025,Port Harcourt,Bloom Mart GRA,Health & Beauty,Hair Cream,1,3774,3774,Wholesale
BM-10127,06/10/2025,Ibadan,Bloom Mart Bodija,Electronics,Phone Charger Cable,1,2584,2584,Retail
BM-11231,06/10/2025,Ibadan,Bloom Mart Bodija,Fashion & Apparel,Unisex Cap,1,2905,2905,Wholesale
BM-11514,07/10/2025,ABUJA,,Grocery,Tomato Paste (12pk),1,7312,7312,Retail
BM-11530,07/10/2025,Port Harcourt,Bloom Mart GRA,Electronics,LED Desk Lamp,1,7619,7619,Retail
BM-11435,07/10/2025,port harcourt ,Bloom Mart GRA,Home & Kitchen,Non-stick Frying Pan,1,8754,8754,Retail
BM-11441,07/10/2025,Ibadan,Bloom Mart Ring Road,Grocery,Sugar 2kg,1,2521,2521,Corporate
BM-11776,08/10/2025,Lagos,Bloom Mart Lekki,Fashion & Apparel,Ladies Sandals,1,9812,9812,Retail
BM-10018,08/10/2025,Ibadan,Bloom Mart Ring Road,Health & Beauty,Toothpaste (3pk),1,2005,2005,Retail
BM-10018,08/10/2025,Ibadan,Bloom Mart Ring Road,Health & Beauty,Toothpaste (3pk),1,2005,2005,Retail
BM-12103,08/10/2025,Lagos,Bloom Mart Ikeja,Fashion & Apparel,Unisex Cap,1,3227,3227,Retail
BM-10544,08/10/2025,Abuja,Bloom Mart Garki,Health & Beauty,Body Lotion 400ml,1,4472,4472,Wholesale
BM-10923,08/10/2025,Ibadan,Bloom Mart Ring Road,Home & Kitchen,Cutlery Set (24pc),1,11488,11488,Corporate
BM-10265,09/10/2025,Abuja,Bloom Mart Garki,Fashion & Apparel,Ankara Fabric (6yds),3,18321,54963,Corporate
BM-10200,09/10/2025,Lagos,Bloom Mart Ikeja,Fashion & Apparel,Ankara Fabric (6yds),1,19041,19041,Wholesale
BM-10060,09/10/2025,Port Harcourt,Bloom Mart GRA,Grocery,Rice 5kg Bag,1,6202,6202,Wholesale
BM-10396,10/10/2025,Abuja,Bloom Mart Garki,Home & Kitchen,Cutlery Set (24pc),1,11460,11460,Retail
BM-11792,10/10/2025,Abuja,Bloom Mart Wuse,Fashion & Apparel,Ladies Sandals,2,9823,19646,Retail
BM-11584,10/10/2025,Port Harcourt,Bloom Mart Rumuola,Home & Kitchen,Electric Kettle,1,9195,9195,Corporate
BM-11090,10/10/2025,Abuja,Bloom Mart Garki,Electronics,Phone Charger Cable,5,2505,12525,Retail
BM-10306,10/10/2025,Abuja,Bloom Mart Wuse,Fashion & Apparel,Ankara Fabric (6yds),2,19114,38228,Retail
BM-10713,10/10/2025,Lagos,Bloom Mart Ikeja,Fashion & Apparel,Kids School Bag,1,8501,8501,Wholesale
BM-11255,10/10/2025,Abuja,Bloom Mart Wuse,Electronics,Phone Charger Cable,1,2627,2627,Retail
BM-11758,11/10/2025,Lagos,Bloom Mart Surulere,Grocery,Tomato Paste (12pk),2,7282,14564,Retail
BM-10071,11/10/2025,Lagos,Bloom Mart Lekki,Toys & Games,Puzzle Game,1,4308,4308,
BM-10705,11/10/2025,Lagos,Bloom Mart Surulere,Health & Beauty,Shea Butter Soap Pack,2,3352,6704,Retail
BM-11055,11/10/2025,Abuja,Bloom Mart Garki,Grocery,Rice 5kg Bag,1,6496,6496,Wholesale
BM-11468,11/10/2025,Abuja,Bloom Mart Wuse,Fashion & Apparel,Ladies Sandals,1,9256,9256,Retail
BM-11833,11/10/2025,Port Harcourt,Bloom Mart Rumuola,Fashion & Apparel,Kids School Bag,3,8725,26175,Retail
BM-10577,11/10/2025,Lagos,Bloom Mart Surulere,Grocery,Rice 5kg Bag,1,5991,5991,Corporate
BM-10922,12/10/2025,Abuja,Bloom Mart Wuse,Home & Kitchen,Blender 1.5L,1,14816,14816,Retail
BM-10003,12/10/2025,PH,Bloom Mart Rumuola,Fashion & Apparel,Ladies Sandals,2,9215,18430,Retail
BM-11038,12/10/2025,Port Harcourt,Bloom Mart GRA,Grocery,Spaghetti Carton,2,12104,24208,Retail
BM-10449,12/10/2025,Abuja,Bloom Mart Wuse,Electronics,Bluetooth Earphones,1,10745,10745,Retail
BM-10203,12/10/2025,Abuja,Bloom Mart Wuse,Home & Kitchen,Cutlery Set (24pc),2,12895,25790,Retail
BM-11790,12/10/2025,Abuja,Bloom Mart Garki,Grocery,Vegetable Oil 4L,1,9449,9449,Wholesale
BM-11095,13/10/2025,Ibadan,Bloom Mart Ring Road,Home & Kitchen,Electric Kettle,3,9762,29286,Wholesale
BM-11600,13/10/2025,Lagos,Bloom Mart Lekki,Grocery,Spaghetti Carton,2,11476,22952,Retail
BM-11551,13/10/2025,Lagos,Bloom Mart Lekki,Home & Kitchen,Electric Kettle,2,9533,19066,Retail
BM-10892,13/10/2025,Lagos,Bloom Mart Surulere,Home & Kitchen,Storage Container Set,1,6473,6473,Corporate
BM-10321,13/10/2025,Lagos,Bloom Mart Lekki,Home & Kitchen,Electric Kettle,1,9065,9065,Retail
BM-11872,13/10/2025,Abuja,Bloom Mart Garki,Electronics,Extension Socket,2,6342,12684,Retail
BM-10015,13/10/2025,Abuja,Bloom Mart Wuse,Fashion & Apparel,Kids School Bag,1,9111,9111,Retail
BM-10933,13/10/2025,Ibadan,Bloom Mart Ring Road,Office Supplies,Notebook Pack,1,3095,3095,Retail
BM-12011,14/10/2025,Lagos,Bloom Mart Lekki,Grocery,Spaghetti Carton,4,10989,43956,Retail
BM-10607,14/10/2025,Abuja,Bloom Mart Garki,Office Supplies,Notebook Pack,2,3211,6422,Retail
BM-11057,14/10/2025,Port Harcourt,Bloom Mart GRA,Office Supplies,Notebook Pack,2,3209,6418,Retail
BM-12058,14/10/2025,Lagos,Bloom Mart Ikeja,Grocery,Spaghetti Carton,1,11806,11806,Retail
BM-10001,14/10/2025,Ibadan,Bloom Mart Ring Road,Electronics,LED Desk Lamp,1,8028,8028,Retail
BM-11179,15/10/2025, Lagos,Bloom Mart Lekki,Electronics,Bluetooth Earphones,1,11621,11621,Retail
BM-10588,15/10/2025,Abuja,Bloom Mart Garki,Fashion & Apparel,Kids School Bag,2,8476,16952,Retail
BM-11498,15/10/2025,Lagos,Bloom Mart Surulere,Fashion & Apparel,Kids School Bag,1,8645,8645,Retail
BM-11174,15/10/2025,Abuja,Bloom Mart Garki,Health & Beauty,Shea Butter Soap Pack,2,3613,7226,Retail
BM-11415,15/10/2025,Ibadan,Bloom Mart Bodija,Home & Kitchen,Cutlery Set (24pc),1,12783,12783,Wholesale
BM-10056,15/10/2025,Lagos,Bloom Mart Ikeja,Electronics,LED Desk Lamp,1,7476,7476,Wholesale
BM-11401,15/10/2025,Abuja,Bloom Mart Wuse,Grocery,Vegetable Oil 4L,1,9259,9259,Wholesale
BM-10287,16/10/2025,Abuja,Bloom Mart Wuse,Fashion & Apparel,Men's Polo Shirt,1,6742,6742,Wholesale
BM-10770,16/10/2025,Lagos,Bloom Mart Surulere,Electronics,LED Desk Lamp,1,7863,7863,Retail
BM-10410,16/10/2025,Abuja,Bloom Mart Wuse,Electronics,Phone Charger Cable,1,2632,2632,Wholesale
BM-10531,16/10/2025,Abuja,Bloom Mart Garki,health & beauty ,Hair Cream,1,3993,3993,Retail
BM-11258,16/10/2025,Port Harcourt,Bloom Mart GRA,Home & Kitchen,Cutlery Set (24pc),3,12857,38571,Retail
BM-10894,16/10/2025,Lagos,Bloom Mart Ikeja,Home & Kitchen,Cutlery Set (24pc),3,11433,34299,Retail
BM-11018,16/10/2025,Ibadan,Bloom Mart Bodija,Grocery,Sugar 2kg,2,2571,5142,Wholesale
BM-10881,16/10/2025,Lagos,Bloom Mart Ikeja,Home & Kitchen,Cutlery Set (24pc),1,11749,11749,Retail
BM-10130,16/10/2025,Lagos,Bloom Mart Lekki,Health & Beauty,Body Lotion 400ml,2,4051,8102,Wholesale
BM-10184,16/10/2025,Port Harcourt,Bloom Mart Rumuola,home & kitchen ,Electric Kettle,1,9614,9614,Retail
BM-10116,17/10/2025,Ibadan,Bloom Mart Ring Road,Office Supplies,Ballpoint Pens (10pk),1,1549,1549,Retail
BM-12025,17/10/2025,Port Harcourt,Bloom Mart GRA,Health & Beauty,Shea Butter Soap Pack,1,3664,3664,Corporate
BM-11943,17/10/2025,Abuja,Bloom Mart Garki,Home & Kitchen,Storage Container Set,1,6272,6272,Retail
BM-11674,17/10/2025,Lagos,Bloom Mart Surulere,Home & Kitchen,Storage Container Set,1,6844,6844,Wholesale
BM-11607,17/10/2025,Lagos,Bloom Mart Ikeja,Grocery,Sugar 2kg,1,2612,2612,Wholesale
BM-11367,17/10/2025,Port Harcourt,Bloom Mart GRA,Grocery,Sugar 2kg,1,2673,2673,Wholesale
BM-11032,17/10/2025,Lagos,Bloom Mart Ikeja,Home & Kitchen,Cutlery Set (24pc),1,11657,11657,Retail
BM-11177,17/10/2025,Lagos,Bloom Mart Ikeja,Home & Kitchen,Electric Kettle,1,9641,9641,Wholesale
BM-10454,18/10/2025,Lagos,Bloom Mart Surulere,Grocery,Sugar 2kg,1,2690,2690,Wholesale
BM-12066,18/10/2025,ABUJA,Bloom Mart Garki,Fashion & Apparel,Unisex Cap,1,2854,2854,Corporate
BM-10276,18/10/2025,Abuja,Bloom Mart Wuse,Fashion & Apparel,Unisex Cap,2,2908,5816,Corporate
BM-11449,18/10/2025,Lagos,Bloom Mart Surulere,Grocery,Sugar 2kg,1,2638,2638,Corporate
BM-11951,18/10/2025,Port Harcourt,Bloom Mart GRA,Health & Beauty,Hair Cream,1,3754,3754,Wholesale
BM-10843,18/10/2025,Abuja,Bloom Mart Wuse,Home & Kitchen,Cutlery Set (24pc),4,11580,46320,
BM-11266,18/10/2025,Lagos,Bloom Mart Surulere,Grocery,Spaghetti Carton,1,11783,11783,Corporate
BM-10491,18/10/2025,Ibadan,Bloom Mart Bodija,Fashion & Apparel,Kids School Bag,1,8498,8498,Retail
BM-11522,18/10/2025,Abuja,Bloom Mart Wuse,Fashion & Apparel,Kids School Bag,1,9148,9148,Wholesale
BM-10209,18/10/2025,Lagos,Bloom Mart Lekki,Home & Kitchen,Electric Kettle,1,10064,10064,Retail
BM-11511,19/10/2025,Port-Harcourt,Bloom Mart GRA,Electronics,LED Desk Lamp,2,7520,15040,Retail
BM-11832,19/10/2025,Abuja,Bloom Mart Wuse,Electronics,Bluetooth Earphones,1,11799,11799,Corporate
BM-11411,19/10/2025,Abuja,Bloom Mart Garki,Home & Kitchen,Blender 1.5L,1,15240,15240,Retail
BM-11857,19/10/2025,Ibadan,Bloom Mart Ring Road,Office Supplies,Ballpoint Pens (10pk),1,1521,1521,Retail
BM-10505,20/10/2025,Lagos,Bloom Mart Lekki,Home & Kitchen,Non-stick Frying Pan,2,8661,17322,Retail
BM-10993,20/10/2025,Abuja,Bloom Mart Garki,Home & Kitchen,Non-stick Frying Pan,1,8163,8163,Wholesale
BM-10194,20/10/2025,Port Harcourt,Bloom Mart Rumuola,Electronics,Bluetooth Earphones,3,10643,31929,Retail
BM-12044,20/10/2025,Ibadan,Bloom Mart Ring Road,Health & Beauty,Shea Butter Soap Pack,1,3548,3548,Wholesale
BM-10039,20/10/2025,Port Harcourt,Bloom Mart GRA,Grocery,Sugar 2kg,1,2789,2789,Wholesale
BM-10033,20/10/2025,Port Harcourt,Bloom Mart GRA,Grocery,Tomato Paste (12pk),1,6965,6965,Wholesale
BM-11552,20/10/2025,Lagos,Bloom Mart Lekki,Electronics,Power Bank 10000mAh,1,13874,13874,Retail
BM-10074,20/10/2025,Ibadan,Bloom Mart Bodija,Home & Kitchen,Non-stick Frying Pan,1,9023,9023,Wholesale
BM-10589,20/10/2025,Abuja,Bloom Mart Garki,Grocery,Sugar 2kg,1,2703,2703,Wholesale
BM-10431,21/10/2025,Lagos,Bloom Mart Ikeja,Electronics,Phone Charger Cable,1,2640,2640,Retail
BM-11675,21/10/2025,Abuja,Bloom Mart Wuse,Electronics,Power Bank 10000mAh,1,13870,13870,Corporate
BM-11423,21/10/2025,Lagos,Bloom Mart Lekki,Electronics,Power Bank 10000mAh,1,14938,14938,Corporate
BM-11477,22/10/2025,Lagos,Bloom Mart Ikeja,Home & Kitchen,Storage Container Set,2,6887,13774,Retail
BM-11477,22/10/2025,Lagos,Bloom Mart Ikeja,Home & Kitchen,Storage Container Set,2,6887,13774,Retail
BM-10499,22/10/2025,lagos,Bloom Mart Ikeja,Fashion & Apparel,Men's Polo Shirt,1,7333,7333,Wholesale
BM-11224,22/10/2025,Abuja,Bloom Mart Garki,Home & Kitchen,Storage Container Set,1,6359,6359,Retail
BM-11767,22/10/2025,Lagos,Bloom Mart Lekki,Home & Kitchen,Storage Container Set,1,6980,6980,Retail
BM-11801,23/10/2025,Port Harcourt,Bloom Mart Rumuola,Office Supplies,A4 Paper Ream,1,4692,4692,Corporate
BM-11049,23/10/2025,Abuja,Bloom Mart Garki,Grocery,Rice 5kg Bag,1,6205,6205,Corporate
BM-10191,23/10/2025,Abuja,Bloom Mart Garki,Electronics,Power Bank 10000mAh,1,14475,14475,Wholesale
BM-11253,23/10/2025,Abuja,Bloom Mart Wuse,Fashion & Apparel,Ankara Fabric (6yds),2,17508,35016,Retail
BM-12052,23/10/2025,Lagos,Bloom Mart Surulere,Office Supplies,Ballpoint Pens (10pk),1,1546,1546,Retail
BM-10205,24/10/2025,Port Harcourt,Bloom Mart Rumuola,Fashion & Apparel,Men's Polo Shirt,3,7534,22602,Retail
BM-10947,24/10/2025,Lagos,Bloom Mart Surulere,Health & Beauty,Body Lotion 400ml,1,4091,4091,Retail
BM-11151,24/10/2025,Abuja,Bloom Mart Garki,Health & Beauty,Shea Butter Soap Pack,1,3325,3325,Wholesale
BM-11413,24/10/2025,Abuja,Bloom Mart Garki,Fashion & Apparel,Ankara Fabric (6yds),3,19092,57276,Corporate
BM-10156,24/10/2025,Lagos,Bloom Mart Lekki,Fashion & Apparel,Kids School Bag,1,8745,8745,Corporate
BM-11194,24/10/2025,Abuja,Bloom Mart Garki,Fashion & Apparel,Kids School Bag,4,8513,34052,Corporate
BM-10090,24/10/2025,lagos,Bloom Mart Surulere,Grocery,Rice 5kg Bag,1,6064,6064,Wholesale
BM-10691,24/10/2025,Ibadan,Bloom Mart Ring Road,Grocery,Rice 5kg Bag,1,5996,5996,Wholesale
BM-11388,24/10/2025,Ibadan,Bloom Mart Bodija,Grocery,Tomato Paste (12pk),1,7311,7311,Retail
BM-11157,25/10/2025,Ibadan,Bloom Mart Bodija,Fashion & Apparel,Ankara Fabric (6yds),1,17623,17623,Wholesale
BM-11945,25/10/2025,Lagos,Bloom Mart Ikeja,Fashion & Apparel,Ankara Fabric (6yds),1,17562,17562,Retail
BM-11727,25/10/2025,Ibadan,Bloom Mart Ring Road,Grocery,Sugar 2kg,1,2658,2658,Wholesale
BM-10335,25/10/2025,Abuja,Bloom Mart Wuse,Grocery,Vegetable Oil 4L,1,9219,9219,Corporate
BM-11876,25/10/2025,Lagos,Bloom Mart Ikeja,Home & Kitchen,Non-stick Frying Pan,2,8077,16154,Corporate
BM-11557,25/10/2025,Port Harcourt,Bloom Mart GRA,Electronics,LED Desk Lamp,1,7158,7158,Corporate
BM-11315,25/10/2025,Lagos,Bloom Mart Surulere,Grocery,Spaghetti Carton,2,11571,23142,Retail
BM-10860,25/10/2025,Abuja,Bloom Mart Garki,Grocery,Sugar 2kg,1,2563,2563,Wholesale
BM-11185,25/10/2025,Ibadan,Bloom Mart Ring Road,Electronics,Power Bank 10000mAh,1,14428,14428,Retail
BM-10745,26/10/2025,Abuja,Bloom Mart Garki,Electronics,Bluetooth Earphones,2,11051,22102,Retail
BM-12099,26/10/2025,Port Harcourt,Bloom Mart Rumuola,Fashion & Apparel,Kids School Bag,1,8736,8736,Corporate
BM-10181,27/10/2025,Abuja,Bloom Mart Wuse,Electronics,Bluetooth Earphones,1,11118,11118,Retail
BM-10512,27/10/2025,Lagos,Bloom Mart Surulere,Fashion & Apparel,Ladies Sandals,2,9998,19996,Corporate
BM-10395,27/10/2025,Lagos,Bloom Mart Surulere,Home & Kitchen,Electric Kettle,2,9854,19708,Retail
BM-10386,27/10/2025,Ibadan,Bloom Mart Ring Road,Fashion & Apparel,Men's Polo Shirt,2,6745,13490,Retail
BM-11144,27/10/2025,Port Harcourt,Bloom Mart GRA,Home & Kitchen,Electric Kettle,1,9513,9513,
BM-11215,27/10/2025,Lagos,,Electronics,Phone Charger Cable,1,2472,2472,Retail
BM-11228,28/10/2025,Ibadan,Bloom Mart Bodija,Home & Kitchen,Electric Kettle,1,9120,9120,Wholesale
BM-10681,28/10/2025,Lagos,Bloom Mart Lekki,Home & Kitchen,Storage Container Set,0,6628,0,Wholesale
BM-10901,28/10/2025,Abuja,Bloom Mart Wuse,Electronics,LED Desk Lamp,1,7498,7498,Corporate
BM-10513,28/10/2025,Lagos,Bloom Mart Lekki,Fashion & Apparel,Kids School Bag,1,8297,8297,Retail
BM-11379,28/10/2025,Abuja,Bloom Mart Wuse,Home & Kitchen,Storage Container Set,2,6445,12890,Corporate
BM-12006,29/10/2025,Ibadan,Bloom Mart Ring Road,Grocery,Vegetable Oil 4L,3,8944,26832,Retail
BM-10575,29/10/2025,Lagos,Bloom Mart Surulere,Home & Kitchen,Storage Container Set,2,6306,12612,Retail
BM-10972,29/10/2025,Lagos,Bloom Mart Ikeja,Fashion & Apparel,Ankara Fabric (6yds),2,18443,36886,Retail
BM-11941,29/10/2025,Ibadan,Bloom Mart Bodija,Grocery,Vegetable Oil 4L,2,9393,18786,Retail
BM-10140,29/10/2025,Ibadan,Bloom Mart Bodija,Electronics,Phone Charger Cable,1,2544,2544,Retail
BM-11307,29/10/2025,Lagos,Bloom Mart Surulere,Office Supplies,A4 Paper Ream,5,4724,23620,Retail
BM-10045,29/10/2025,Abuja,Bloom Mart Garki,Electronics,Power Bank 10000mAh,3,14344,43032,Retail
BM-10354,30/10/2025,Lagos,Bloom Mart Lekki,Electronics,Power Bank 10000mAh,2,13934,27868,Wholesale
BM-11534,30/10/2025,Abuja,Bloom Mart Wuse,Fashion & Apparel,Ladies Sandals,1,9662,9662,Retail
BM-11565,30/10/2025,Lagos,Bloom Mart Ikeja,Office Supplies,Ballpoint Pens (10pk),1,1544,1544,Retail
BM-11892,30/10/2025,Lagos,Bloom Mart Ikeja,Home & Kitchen,Cutlery Set (24pc),1,12069,12069,Retail
BM-11098,30/10/2025,Abuja,Bloom Mart Wuse,Electronics,LED Desk Lamp,2,7883,15766,Wholesale
BM-10642,30/10/2025,Lagos,Bloom Mart Lekki,Grocery,Sugar 2kg,1,2533,2533,Wholesale
BM-11324,30/10/2025,port harcourt ,Bloom Mart Rumuola,Home & Kitchen,Non-stick Frying Pan,2,8879,17758,Corporate
BM-11563,30/10/2025,Abuja,Bloom Mart Garki,Fashion & Apparel,Kids School Bag,1,8531,8531,Retail
BM-11599,30/10/2025,Ibadan,Bloom Mart Ring Road,Fashion & Apparel,Unisex Cap,0,2899,0,Retail
BM-11558,30/10/2025,Lagos,Bloom Mart Lekki,Electronics,Bluetooth Earphones,1,10713,10713,Wholesale
BM-10296,30/10/2025,PH,Bloom Mart Rumuola,Fashion & Apparel,Kids School Bag,1,8837,8837,Wholesale
BM-11902,30/10/2025,Abuja,Bloom Mart Wuse,Health & Beauty,Shea Butter Soap Pack,1,3761,3761,Corporate
BM-11695,30/10/2025,Abuja,Bloom Mart Garki,Electronics,Bluetooth Earphones,1,10882,10882,Wholesale
BM-10637,30/10/2025,Abuja,Bloom Mart Wuse,Electronics,Phone Charger Cable,1,2657,2657,Retail
BM-10805,31/10/2025,Abuja,Bloom Mart Wuse,Grocery,Vegetable Oil 4L,1,8858,8858,Retail
BM-10515,31/10/2025,Abuja,Bloom Mart Wuse,Home & Kitchen,Electric Kettle,2,9089,18178,Wholesale
BM-10994,31/10/2025,Lagos,Bloom Mart Lekki,Fashion & Apparel,Kids School Bag,1,8100,8100,Retail
BM-11734,31/10/2025,Lagos,Bloom Mart Lekki,Fashion & Apparel,Kids School Bag,1,8800,8800,Corporate
BM-11742,31/10/2025,Lagos,Bloom Mart Surulere,Grocery,Vegetable Oil 4L,1,9517,9517,
BM-11642,31/10/2025,Abuja,Bloom Mart Wuse,Electronics,Bluetooth Earphones,1,10628,10628,Retail
BM-11804,01/11/2025,Lagos,Bloom Mart Ikeja,Electronics,Power Bank 10000mAh,1,15408,15408,Retail
BM-10032,01/11/2025,Lagos,Bloom Mart Ikeja,Office Supplies,Notebook Pack,3,3390,10170,Retail
BM-10766,02/11/2025,Port Harcourt,Bloom Mart Rumuola,Home & Kitchen,Non-stick Frying Pan,1,8837,8837,Retail
BM-10095,02/11/2025,Abuja,Bloom Mart Garki,Fashion & Apparel,Men's Polo Shirt,1,7445,7445,Retail
BM-10295,02/11/2025,Lagos,Bloom Mart Ikeja,Home & Kitchen,Storage Container Set,1,6356,6356,Retail
BM-11553,02/11/2025,Lagos,Bloom Mart Lekki,Office Supplies,Ballpoint Pens (10pk),1,1547,1547,Retail
BM-10327,02/11/2025,Lagos,Bloom Mart Lekki,Grocery,Vegetable Oil 4L,1,9434,9434,Corporate
BM-10322,02/11/2025,Ibadan,Bloom Mart Ring Road,Health & Beauty,Shea Butter Soap Pack,2,3720,7440,Wholesale
BM-10057,02/11/2025,Lagos,Bloom Mart Lekki,Home & Kitchen,Non-stick Frying Pan,1,9005,9005,Retail
BM-10710,02/11/2025,Abuja,Bloom Mart Garki,Fashion & Apparel,Kids School Bag,1,8976,8976,Retail
BM-10256,02/11/2025,Port Harcourt,Bloom Mart Rumuola,Fashion & Apparel,Ladies Sandals,1,10035,10035,Retail
BM-10912,02/11/2025,Lagos,Bloom Mart Lekki,Grocery,Sugar 2kg,1,2665,2665,Corporate
BM-10682,03/11/2025,Port Harcourt,Bloom Mart GRA,Fashion & Apparel,Ladies Sandals,5,9704,48520,Wholesale
BM-10748,03/11/2025,Abuja,Bloom Mart Wuse,Grocery,Spaghetti Carton,1,10966,10966,Retail
BM-11184,03/11/2025,Ibadan,Bloom Mart Bodija,Home & Kitchen,Cutlery Set (24pc),5,11418,57090,Retail
BM-12020,03/11/2025,Lagos,Bloom Mart Ikeja,Fashion & Apparel,Men's Polo Shirt,4,6947,27788,Retail
BM-10879,03/11/2025,Lagos,Bloom Mart Ikeja,Grocery,Vegetable Oil 4L,1,8623,8623,Retail
BM-10064,04/11/2025,Lagos,Bloom Mart Surulere,Grocery,Spaghetti Carton,1,12065,12065,Wholesale
BM-11386,04/11/2025,Ibadan,Bloom Mart Bodija,electronics ,Power Bank 10000mAh,1,15011,15011,Retail
BM-10370,04/11/2025,Ibadan,Bloom Mart Ring Road,Grocery,Rice 5kg Bag,1,6134,6134,Retail
BM-11475,04/11/2025,Abuja,Bloom Mart Garki,Electronics,Phone Charger Cable,1,2531,2531,Retail
BM-11093,04/11/2025,Lagos,Bloom Mart Surulere,Electronics,Power Bank 10000mAh,3,15179,45537,Retail
BM-11418,05/11/2025,Port Harcourt,Bloom Mart GRA,Grocery,Rice 5kg Bag,1,6507,6507,Retail
BM-11990,05/11/2025,Port Harcourt,Bloom Mart GRA,Electronics,Bluetooth Earphones,2,10711,21422,Retail
BM-11443,05/11/2025,Lagos,Bloom Mart Ikeja,Home & Kitchen,Non-stick Frying Pan,1,8099,8099,Corporate
BM-11637,05/11/2025,Lagos,Bloom Mart Ikeja,Grocery,Rice 5kg Bag,1,6420,6420,Retail
BM-11977,05/11/2025,Port Harcourt,Bloom Mart Rumuola,Health & Beauty,Hair Cream,1,4042,4042,Wholesale
BM-10911,05/11/2025,Ibadan,Bloom Mart Ring Road,Grocery,Spaghetti Carton,1,11131,11131,Retail
BM-11787,05/11/2025,Lagos,Bloom Mart Lekki,Health & Beauty,Toothpaste (3pk),1,2006,2006,Retail
BM-12094,06/11/2025,Abuja,Bloom Mart Wuse,Health & Beauty,Body Lotion 400ml,1,4230,4230,Retail
BM-11527,06/11/2025,Port Harcourt,Bloom Mart GRA,Home & Kitchen,Storage Container Set,2,6557,13114,Corporate
BM-10393,06/11/2025,Abuja,Bloom Mart Wuse,Home & Kitchen,Non-stick Frying Pan,1,8378,8378,Corporate
BM-11847,06/11/2025,Lagos,Bloom Mart Lekki,Fashion & Apparel,Ankara Fabric (6yds),1,18514,18514,Wholesale
BM-11239,06/11/2025,Lagos,Bloom Mart Surulere,Home & Kitchen,Storage Container Set,2,6577,13154,Retail
BM-11673,06/11/2025,Port Harcourt,Bloom Mart GRA,Grocery,Tomato Paste (12pk),4,7399,29596,Retail
BM-11772,06/11/2025,Port Harcourt,Bloom Mart GRA,Fashion & Apparel,Ladies Sandals,2,10085,20170,Retail
BM-11673,06/11/2025,Port Harcourt,Bloom Mart GRA,Grocery,Tomato Paste (12pk),4,7399,29596,Retail
BM-11749,06/11/2025,Ibadan,Bloom Mart Ring Road,Electronics,Bluetooth Earphones,1,11056,11056,Corporate
BM-10953,06/11/2025,Abuja,Bloom Mart Garki,Home & Kitchen,Blender 1.5L,1,15027,15027,Wholesale
BM-10196,06/11/2025,Port Harcourt,Bloom Mart GRA,Home & Kitchen,Storage Container Set,1,6433,6433,Corporate
BM-11723,06/11/2025,Port Harcourt,Bloom Mart Rumuola,Fashion & Apparel,Ladies Sandals,1,10230,10230,Wholesale
BM-11559,07/11/2025,Lagos,Bloom Mart Ikeja,Home & Kitchen,Non-stick Frying Pan,1,8627,8627,Retail
BM-10233,07/11/2025,Lagos,Bloom Mart Ikeja,Fashion & Apparel,Ladies Sandals,2,9343,18686,Corporate
BM-10044,07/11/2025,Lagos,Bloom Mart Ikeja,Home & Kitchen,Cutlery Set (24pc),1,12470,12470,Retail
BM-11989,07/11/2025,Abuja,Bloom Mart Garki,Health & Beauty,Body Lotion 400ml,4,4111,16444,Retail
BM-11082,07/11/2025,Abuja,Bloom Mart Garki,Office Supplies,Notebook Pack,2,3185,6370,Corporate
BM-12102,07/11/2025,Ibadan,Bloom Mart Ring Road,Home & Kitchen,Cutlery Set (24pc),1,12902,12902,Retail
BM-10792,07/11/2025,Lagos,Bloom Mart Surulere,Grocery,Tomato Paste (12pk),1,7286,7286,Corporate
BM-10980,07/11/2025,Lagos,Bloom Mart Surulere,Electronics,Phone Charger Cable,2,2475,4950,Corporate
BM-10600,07/11/2025,Lagos,Bloom Mart Surulere,Fashion & Apparel,Ankara Fabric (6yds),2,17563,35126,Wholesale
BM-11137,08/11/2025,Ibadan,Bloom Mart Bodija,Fashion & Apparel,Unisex Cap,2,2903,5806,Wholesale
BM-10314,08/11/2025,Ibadan,Bloom Mart Ring Road,Fashion & Apparel,Kids School Bag,1,8891,8891,Retail
BM-10126,08/11/2025,Port Harcourt,Bloom Mart Rumuola,Fashion & Apparel,Kids School Bag,1,8773,8773,Retail
BM-11306,08/11/2025,Abuja,Bloom Mart Garki,Electronics,Phone Charger Cable,1,2560,2560,Corporate
BM-11711,08/11/2025,Abuja,Bloom Mart Wuse,Fashion & Apparel,Ankara Fabric (6yds),2,17494,34988,Wholesale
BM-11954,09/11/2025,Lagos,Bloom Mart Ikeja,Electronics,Power Bank 10000mAh,1,15019,15019,Retail
BM-10547,09/11/2025,Lagos,Bloom Mart Surulere,Home & Kitchen,Non-stick Frying Pan,1,9029,9029,Corporate
BM-10253,09/11/2025,Abuja,Bloom Mart Garki,Electronics,Extension Socket,1,5733,5733,Retail
BM-10798,09/11/2025, Lagos,Bloom Mart Lekki,Fashion & Apparel,Men's Polo Shirt,2,7413,14826,Wholesale
BM-10210,09/11/2025,Ibadan,Bloom Mart Ring Road,Grocery,Vegetable Oil 4L,2,8705,17410,Retail
BM-11004,09/11/2025,port harcourt ,Bloom Mart Rumuola,Home & Kitchen,Blender 1.5L,2,16423,32846,Retail
BM-10399,09/11/2025,Lagos,Bloom Mart Surulere,Fashion & Apparel,Kids School Bag,3,8086,24258,Retail
BM-10176,09/11/2025,Abuja,Bloom Mart Wuse,Electronics,LED Desk Lamp,4,7780,31120,Wholesale
BM-11479,10/11/2025,Abuja,Bloom Mart Wuse,Home & Kitchen,Electric Kettle,2,9746,19492,Corporate
BM-11365,10/11/2025,Lagos,Bloom Mart Surulere,Electronics,Power Bank 10000mAh,1,14876,14876,Corporate
BM-10034,10/11/2025,Abuja,Bloom Mart Garki,Electronics,Phone Charger Cable,1,2461,2461,Wholesale
BM-11342,10/11/2025,Abuja,Bloom Mart Garki,Electronics,Bluetooth Earphones,2,10513,21026,Wholesale
BM-10309,11/11/2025,Abuja,Bloom Mart Wuse,Health & Beauty,Shea Butter Soap Pack,2,3688,7376,Wholesale
BM-11320,11/11/2025,Port Harcourt,Bloom Mart Rumuola,Fashion & Apparel,Men's Polo Shirt,1,6947,6947,Retail
BM-10405,11/11/2025,Port Harcourt,Bloom Mart GRA,Grocery,Rice 5kg Bag,1,6014,6014,Retail
BM-11765,11/11/2025,Ibadan,Bloom Mart Ring Road,Fashion & Apparel,Men's Polo Shirt,1,7478,7478,Corporate
BM-10608,11/11/2025,Ibadan,Bloom Mart Ring Road,Electronics,Phone Charger Cable,2,2574,5148,Retail
BM-11583,12/11/2025,Ibadan,Bloom Mart Bodija,Electronics,Phone Charger Cable,2,2382,4764,Retail
BM-11769,12/11/2025,Lagos,Bloom Mart Ikeja,Electronics,Extension Socket,2,6403,12806,Corporate
BM-11669,12/11/2025,Port Harcourt,Bloom Mart Rumuola,Grocery,Spaghetti Carton,2,11499,22998,Retail
BM-10778,12/11/2025,Lagos,Bloom Mart Ikeja,Health & Beauty,Toothpaste (3pk),1,2038,2038,Retail
BM-10955,12/11/2025,Lagos,Bloom Mart Lekki,Electronics,Power Bank 10000mAh,1,14678,14678,Retail
BM-10421,12/11/2025,Port-Harcourt,Bloom Mart GRA,Electronics,Bluetooth Earphones,2,10868,21736,Retail
BM-11769,12/11/2025,Lagos,Bloom Mart Ikeja,Electronics,Extension Socket,2,6403,12806,Corporate
BM-12002,12/11/2025,Lagos,Bloom Mart Surulere,Home & Kitchen,Non-stick Frying Pan,2,8383,16766,Retail
BM-11314,13/11/2025,Abuja,Bloom Mart Garki,Fashion & Apparel,Unisex Cap,0,3114,0,Retail
BM-10769,13/11/2025,Port Harcourt,Bloom Mart Rumuola,Fashion & Apparel,Kids School Bag,1,8703,8703,Corporate
BM-11797,13/11/2025,Lagos,Bloom Mart Surulere,Home & Kitchen,Non-stick Frying Pan,1,8861,8861,Retail
BM-10069,13/11/2025,Ibadan,Bloom Mart Bodija,Grocery,Sugar 2kg,2,2656,5312,Retail
BM-10679,13/11/2025,Lagos,Bloom Mart Surulere,Home & Kitchen,Electric Kettle,1,9544,9544,Retail
BM-10267,14/11/2025,Ibadan,Bloom Mart Ring Road,Fashion & Apparel,Kids School Bag,1,9025,9025,Retail
BM-11747,14/11/2025,Lagos,Bloom Mart Lekki,Home & Kitchen,Cutlery Set (24pc),3,12583,37749,Retail
BM-11362,14/11/2025,Port Harcourt,Bloom Mart Rumuola,Grocery,Sugar 2kg,1,2479,2479,Retail
BM-11622,14/11/2025,Lagos,Bloom Mart Ikeja,Home & Kitchen,Electric Kettle,2,9177,18354,Retail
BM-10898,14/11/2025,Abuja,Bloom Mart Wuse,Electronics,Phone Charger Cable,1,2394,2394,Retail
BM-11608,14/11/2025,Lagos,Bloom Mart Surulere,Home & Kitchen,Blender 1.5L,1,16096,16096,Corporate
BM-11350,14/11/2025,Abuja,Bloom Mart Garki,Health & Beauty,Shea Butter Soap Pack,4,3392,13568,Wholesale
BM-11068,15/11/2025,Abuja,Bloom Mart Garki,Fashion & Apparel,Ladies Sandals,2,9035,18070,Retail
BM-10288,15/11/2025,Abuja,Bloom Mart Garki,Home & Kitchen,Blender 1.5L,2,15171,30342,
BM-10502,15/11/2025,Lagos,Bloom Mart Lekki,Home & Kitchen,Storage Container Set,4,6391,25564,Retail
BM-10759,15/11/2025,Ibadan,Bloom Mart Bodija,Grocery,Tomato Paste (12pk),1,7661,7661,Retail
BM-12010,15/11/2025,Abuja,Bloom Mart Garki,Electronics,LED Desk Lamp,2,7638,15276,Retail
BM-11648,15/11/2025,Lagos,Bloom Mart Ikeja,Toys & Games,Building Blocks Set,1,6230,6230,Wholesale
BM-11210,15/11/2025,Abuja,Bloom Mart Garki,Home & Kitchen,Blender 1.5L,1,14814,14814,Retail
BM-10138,15/11/2025,Port Harcourt,Bloom Mart Rumuola,Home & Kitchen,Cutlery Set (24pc),2,11850,23700,Wholesale
BM-11519,15/11/2025,Ibadan,Bloom Mart Bodija,Grocery,Spaghetti Carton,1,11483,11483,Retail
BM-11440,15/11/2025,Lagos,Bloom Mart Lekki,Home & Kitchen,Cutlery Set (24pc),2,12649,25298,Retail
BM-11755,16/11/2025,Abuja,Bloom Mart Wuse,Home & Kitchen,Storage Container Set,2,6683,13366,Retail
BM-10937,16/11/2025,Lagos,Bloom Mart Surulere,Home & Kitchen,Cutlery Set (24pc),1,11567,11567,Retail
BM-10351,16/11/2025,Ibadan,Bloom Mart Ring Road,Electronics,Phone Charger Cable,1,2572,2572,Retail
BM-11813,16/11/2025, Lagos,Bloom Mart Ikeja,Office Supplies,Ballpoint Pens (10pk),1,1569,1569,Retail
BM-11323,16/11/2025,Port Harcourt,Bloom Mart GRA,Electronics,Phone Charger Cable,1,2608,2608,Retail
BM-11653,16/11/2025,Lagos,Bloom Mart Lekki,Health & Beauty,Hair Cream,2,3818,7636,Corporate
BM-10630,16/11/2025,Port Harcourt,Bloom Mart Rumuola,Health & Beauty,Shea Butter Soap Pack,1,3669,3669,Retail
BM-10444,16/11/2025,Lagos,Bloom Mart Surulere,Home & Kitchen,Storage Container Set,1,6607,6607,Retail
BM-11190,17/11/2025,Lagos,Bloom Mart Surulere,Fashion & Apparel,Ankara Fabric (6yds),1,18798,18798,Wholesale
BM-10408,17/11/2025,Lagos,Bloom Mart Ikeja,Grocery,Tomato Paste (12pk),2,7147,14294,Wholesale
BM-10870,17/11/2025,Abuja,Bloom Mart Wuse,Fashion & Apparel,Unisex Cap,2,2878,5756,Retail
BM-11123,17/11/2025,Port Harcourt,Bloom Mart GRA,Electronics,Bluetooth Earphones,1,11845,11845,Retail
BM-10134,17/11/2025,Lagos,Bloom Mart Lekki,home & kitchen ,Blender 1.5L,1,14861,14861,Retail
BM-11883,17/11/2025,Abuja,Bloom Mart Wuse,Toys & Games,Puzzle Game,2,3908,7816,Retail
BM-11045,18/11/2025,Port Harcourt,Bloom Mart Rumuola,Toys & Games,Building Blocks Set,3,6988,20964,Retail
BM-10706,18/11/2025,Abuja,Bloom Mart Wuse,Fashion & Apparel,Ladies Sandals,4,9190,36760,Retail
BM-10888,18/11/2025,Port Harcourt,Bloom Mart GRA,Grocery,Tomato Paste (12pk),2,6885,13770,Retail
BM-11524,18/11/2025,Abuja,Bloom Mart Garki,Home & Kitchen,Non-stick Frying Pan,1,9050,9050,Wholesale
BM-12004,18/11/2025,Abuja,Bloom Mart Wuse,Electronics,Power Bank 10000mAh,1,13806,13806,Retail
BM-10788,18/11/2025,Lagos,Bloom Mart Lekki,Grocery,Spaghetti Carton,2,11107,22214,Retail
BM-10858,19/11/2025,Lagos,Bloom Mart Lekki,grocery ,Rice 5kg Bag,1,6167,6167,Retail
BM-11794,19/11/2025,Abuja,Bloom Mart Garki,Fashion & Apparel,Unisex Cap,2,3205,6410,Retail
BM-11812,19/11/2025,Abuja,Bloom Mart Wuse,Health & Beauty,Hair Cream,1,3890,3890,Corporate
BM-10995,19/11/2025,Port Harcourt,Bloom Mart GRA,Home & Kitchen,Cutlery Set (24pc),2,12641,25282,Retail
BM-11156,19/11/2025,Lagos,Bloom Mart Lekki,Grocery,Sugar 2kg,1,2622,2622,Retail
BM-10489,20/11/2025,Ibadan,Bloom Mart Ring Road,toys & games ,Puzzle Game,1,4069,4069,Retail
BM-11011,20/11/2025,Abuja,Bloom Mart Wuse,Fashion & Apparel,Men's Polo Shirt,1,7482,7482,Retail
BM-10359,20/11/2025,Lagos,,Grocery,Rice 5kg Bag,1,6385,6385,Wholesale
BM-11355,20/11/2025,Lagos,Bloom Mart Surulere,Home & Kitchen,Cutlery Set (24pc),1,12722,12722,Wholesale
BM-11331,20/11/2025,Lagos,Bloom Mart Lekki,Fashion & Apparel,Unisex Cap,1,2994,2994,Wholesale
BM-11770,20/11/2025,Abuja,Bloom Mart Wuse,Home & Kitchen,Storage Container Set,1,6889,6889,Retail
BM-11105,20/11/2025,Port Harcourt,Bloom Mart GRA,Grocery,Rice 5kg Bag,1,6486,6486,Retail
BM-12124,20/11/2025,Lagos,Bloom Mart Ikeja,Electronics,Extension Socket,1,6191,6191,Wholesale
BM-10101,20/11/2025,Ibadan,Bloom Mart Ring Road,Electronics,Power Bank 10000mAh,1,14870,14870,Wholesale
BM-11740,20/11/2025,Lagos,Bloom Mart Surulere,Electronics,Extension Socket,1,6117,6117,Retail
BM-10142,21/11/2025,Lagos,Bloom Mart Surulere,Fashion & Apparel,Unisex Cap,1,2873,2873,Corporate
BM-10098,21/11/2025,Lagos,Bloom Mart Surulere,Grocery,Spaghetti Carton,1,12362,12362,Retail
BM-10908,21/11/2025,Abuja,Bloom Mart Garki,Grocery,Spaghetti Carton,5,11821,59105,Retail
BM-11217,21/11/2025,Lagos,Bloom Mart Ikeja,Electronics,Phone Charger Cable,4,2646,10584,Corporate
BM-11993,22/11/2025,Port Harcourt,Bloom Mart GRA,Toys & Games,Puzzle Game,2,3821,7642,Retail
BM-11262,22/11/2025,Port-Harcourt,Bloom Mart GRA,Electronics,Phone Charger Cable,2,2645,5290,Wholesale
BM-10678,22/11/2025,Lagos,Bloom Mart Lekki,Health & Beauty,Toothpaste (3pk),1,2232,2232,Wholesale
BM-11925,22/11/2025,Lagos,Bloom Mart Ikeja,Home & Kitchen,Blender 1.5L,1,16085,16085,Retail
BM-11564,22/11/2025,Lagos,Bloom Mart Lekki,Health & Beauty,Body Lotion 400ml,1,4181,4181,Wholesale
BM-10794,22/11/2025,Abuja,Bloom Mart Garki,Electronics,LED Desk Lamp,1,7990,7990,Wholesale
BM-12123,22/11/2025,Port Harcourt,Bloom Mart Rumuola,Office Supplies,Ballpoint Pens (10pk),1,1612,1612,Wholesale
BM-11613,22/11/2025,Lagos,Bloom Mart Ikeja,Home & Kitchen,Blender 1.5L,1,16624,16624,Corporate
BM-11844,22/11/2025,Lagos,Bloom Mart Ikeja,Electronics,LED Desk Lamp,1,7162,7162,Wholesale
BM-11911,23/11/2025,Port Harcourt,Bloom Mart GRA,Health & Beauty,Toothpaste (3pk),1,2227,2227,Retail
BM-10619,23/11/2025,Abuja,Bloom Mart Wuse,Fashion & Apparel,Ankara Fabric (6yds),2,17386,34772,Wholesale
BM-10996,23/11/2025,Lagos,Bloom Mart Lekki,Home & Kitchen,Electric Kettle,1,9623,9623,Corporate
BM-10975,23/11/2025,Lagos,Bloom Mart Surulere,Fashion & Apparel,Kids School Bag,1,8508,8508,Retail
BM-11143,23/11/2025,Lagos,Bloom Mart Surulere,Health & Beauty,Toothpaste (3pk),1,2112,2112,Retail
BM-11425,23/11/2025,Lagos,Bloom Mart Surulere,Electronics,LED Desk Lamp,3,8098,24294,Retail
BM-11827,24/11/2025,Lagos,Bloom Mart Ikeja,Home & Kitchen,Blender 1.5L,1,15559,15559,Corporate
BM-10848,24/11/2025,Ibadan,Bloom Mart Ring Road,Grocery,Sugar 2kg,1,2690,2690,Retail
BM-11172,24/11/2025,Lagos,Bloom Mart Surulere,Grocery,Spaghetti Carton,2,12116,24232,Wholesale
BM-10882,24/11/2025,Port Harcourt,Bloom Mart Rumuola,Electronics,Phone Charger Cable,1,2625,2625,Corporate
BM-11046,24/11/2025,Ibadan,Bloom Mart Ring Road,Electronics,Phone Charger Cable,2,2614,5228,Wholesale
BM-11071,25/11/2025, Lagos,Bloom Mart Lekki,Electronics,Power Bank 10000mAh,1,13984,13984,Retail
BM-11276,25/11/2025,Port Harcourt,Bloom Mart GRA,Grocery,Vegetable Oil 4L,1,9407,9407,Retail
BM-10549,25/11/2025,Abuja,Bloom Mart Garki,Fashion & Apparel,Ankara Fabric (6yds),1,17874,17874,Corporate
BM-10837,25/11/2025,Abuja,Bloom Mart Garki,Home & Kitchen,Blender 1.5L,1,14974,14974,Retail
BM-10833,26/11/2025,Ibadan,Bloom Mart Bodija,Fashion & Apparel,Men's Polo Shirt,2,7063,14126,Corporate
BM-10226,26/11/2025,Lagos,Bloom Mart Lekki,Home & Kitchen,Storage Container Set,2,6732,13464,Retail
BM-11836,26/11/2025,Lagos,Bloom Mart Lekki,Health & Beauty,Hair Cream,2,4015,8030,Retail
BM-10685,27/11/2025,Lagos,Bloom Mart Lekki,Electronics,LED Desk Lamp,2,7788,15576,Corporate
BM-10755,27/11/2025,Port Harcourt,Bloom Mart Rumuola,Electronics,LED Desk Lamp,4,7746,30984,Retail
BM-11287,27/11/2025,Lagos,Bloom Mart Lekki,Home & Kitchen,Electric Kettle,1,9650,9650,Wholesale
BM-11427,27/11/2025,Abuja,Bloom Mart Garki,Electronics,Extension Socket,1,5851,5851,Retail
BM-12100,27/11/2025,Port Harcourt,Bloom Mart Rumuola,Fashion & Apparel,Men's Polo Shirt,1,6735,6735,Retail
BM-11495,27/11/2025,Abuja,Bloom Mart Wuse,Health & Beauty,Hair Cream,1,3706,3706,Wholesale
BM-11931,27/11/2025,Ibadan,Bloom Mart Bodija,Toys & Games,Building Blocks Set,1,6408,6408,Retail
BM-11208,27/11/2025,Port Harcourt,Bloom Mart Rumuola,Health & Beauty,Body Lotion 400ml,1,4265,4265,Retail
BM-10493,28/11/2025,Lagos,Bloom Mart Lekki,Electronics,Power Bank 10000mAh,1,14762,14762,Retail
BM-11976,28/11/2025,Lagos,Bloom Mart Surulere,Home & Kitchen,Cutlery Set (24pc),3,11963,35889,Wholesale
BM-10716,28/11/2025,PH,Bloom Mart GRA,Electronics,Phone Charger Cable,2,2640,5280,Retail
BM-10864,28/11/2025,Abuja,Bloom Mart Wuse,Home & Kitchen,Electric Kettle,1,10045,10045,Corporate
BM-11448,28/11/2025,Abuja,Bloom Mart Wuse,Fashion & Apparel,Men's Polo Shirt,1,6947,6947,Retail
BM-10066,28/11/2025,Abuja,Bloom Mart Wuse,Health & Beauty,Shea Butter Soap Pack,1,3551,3551,Retail
BM-10121,28/11/2025,Abuja,Bloom Mart Garki,Grocery,Spaghetti Carton,1,11535,11535,Retail
BM-10927,28/11/2025,Abuja,Bloom Mart Wuse,Home & Kitchen,Blender 1.5L,1,15864,15864,Retail
BM-11655,28/11/2025,Port Harcourt,Bloom Mart GRA,Electronics,Bluetooth Earphones,4,11453,45812,Corporate
BM-11431,28/11/2025,Lagos,Bloom Mart Surulere,Fashion & Apparel,Men's Polo Shirt,2,7321,14642,Retail
BM-10047,29/11/2025,Lagos,Bloom Mart Ikeja,Home & Kitchen,Non-stick Frying Pan,1,8132,8132,Retail
BM-11707,29/11/2025,Ibadan,Bloom Mart Bodija,Fashion & Apparel,Ladies Sandals,1,9292,9292,Wholesale
BM-11163,29/11/2025,Ibadan,Bloom Mart Ring Road,Electronics,Bluetooth Earphones,3,10516,31548,Retail
BM-11661,29/11/2025,Ibadan,Bloom Mart Ring Road,Health & Beauty,Shea Butter Soap Pack,2,3576,7152,Retail
BM-10943,29/11/2025,Abuja,Bloom Mart Wuse,Home & Kitchen,Storage Container Set,1,6729,6729,Retail
BM-12118,29/11/2025,Lagos,Bloom Mart Surulere,Home & Kitchen,Blender 1.5L,2,15990,31980,Retail
BM-12115,29/11/2025,Ibadan,Bloom Mart Ring Road,Home & Kitchen,Electric Kettle,2,9967,19934,Retail
BM-11138,30/11/2025,Lagos,Bloom Mart Ikeja,Fashion & Apparel,Ankara Fabric (6yds),1,17524,17524,Retail
BM-11459,30/11/2025,Lagos,Bloom Mart Lekki,Home & Kitchen,Non-stick Frying Pan,1,8820,8820,Retail
BM-10988,30/11/2025,Abuja,Bloom Mart Wuse,Electronics,Extension Socket,1,6440,6440,Wholesale
BM-11966,01/12/2025,Abuja,Bloom Mart Garki,Health & Beauty,Hair Cream,1,3661,3661,Corporate
BM-10364,01/12/2025,Port Harcourt,Bloom Mart GRA,Office Supplies,A4 Paper Ream,1,4589,4589,Retail
BM-12111,01/12/2025,Ibadan,Bloom Mart Ring Road,Electronics,LED Desk Lamp,1,7914,7914,Retail
BM-11733,01/12/2025,Port Harcourt,Bloom Mart GRA,Grocery,Vegetable Oil 4L,2,9356,18712,Retail
BM-11131,01/12/2025,Abuja,Bloom Mart Wuse,Health & Beauty,Shea Butter Soap Pack,1,3646,3646,Retail
BM-10487,01/12/2025,Ibadan,Bloom Mart Ring Road,Electronics,Phone Charger Cable,1,2625,2625,Corporate
BM-10747,02/12/2025,Port Harcourt,Bloom Mart Rumuola,Home & Kitchen,Storage Container Set,2,6382,12764,Retail
BM-11252,02/12/2025,Ibadan,Bloom Mart Ring Road,Home & Kitchen,Storage Container Set,1,6887,6887,Corporate
BM-10586,02/12/2025,Abuja,Bloom Mart Garki,Electronics,Phone Charger Cable,2,2464,4928,Retail
BM-11247,02/12/2025,Abuja,Bloom Mart Wuse,Home & Kitchen,Blender 1.5L,4,15922,63688,Wholesale
BM-10866,02/12/2025,Port Harcourt,Bloom Mart Rumuola,Home & Kitchen,Storage Container Set,1,6814,6814,Wholesale
BM-10118,03/12/2025,Lagos,Bloom Mart Ikeja,Grocery,Tomato Paste (12pk),1,7457,7457,Retail
BM-10464,03/12/2025,Lagos,Bloom Mart Ikeja,Fashion & Apparel,Ankara Fabric (6yds),1,19039,19039,Retail
BM-10981,03/12/2025,lagos,Bloom Mart Ikeja,Home & Kitchen,Storage Container Set,3,6312,18936,Wholesale
BM-11464,03/12/2025,Lagos,Bloom Mart Lekki,Health & Beauty,Toothpaste (3pk),1,2121,2121,Retail
BM-11205,03/12/2025,Abuja,Bloom Mart Wuse,Home & Kitchen,Cutlery Set (24pc),1,12454,12454,Retail
BM-11403,03/12/2025,Abuja,Bloom Mart Garki,Home & Kitchen,Electric Kettle,1,10083,10083,Corporate
BM-10115,03/12/2025,Lagos,Bloom Mart Surulere,Home & Kitchen,Storage Container Set,1,6846,6846,Retail
BM-10343,03/12/2025,Lagos,Bloom Mart Lekki,Grocery,Sugar 2kg,2,2650,5300,Retail
BM-11100,03/12/2025,Ibadan,Bloom Mart Ring Road,Fashion & Apparel,Men's Polo Shirt,1,7428,7428,Retail
BM-10024,04/12/2025,Lagos,Bloom Mart Surulere,Fashion & Apparel,Men's Polo Shirt,1,6746,6746,Wholesale
BM-10479,04/12/2025,Lagos,Bloom Mart Surulere,Electronics,Phone Charger Cable,1,2461,2461,Retail
BM-11822,04/12/2025,Abuja,Bloom Mart Wuse,Electronics,LED Desk Lamp,1,7989,7989,Wholesale
BM-11145,04/12/2025,Port Harcourt,Bloom Mart GRA,Electronics,Power Bank 10000mAh,1,15524,15524,Corporate
BM-11502,04/12/2025,Lagos,Bloom Mart Lekki,Fashion & Apparel,Unisex Cap,1,2920,2920,Retail
BM-10422,04/12/2025,Abuja,Bloom Mart Garki,Fashion & Apparel,Ladies Sandals,3,9647,28941,Wholesale
BM-10378,05/12/2025,Abuja,Bloom Mart Garki,Home & Kitchen,Blender 1.5L,1,14945,14945,Retail
BM-10639,05/12/2025,Port Harcourt,Bloom Mart GRA,electronics ,Phone Charger Cable,1,2641,2641,Retail
BM-10838,05/12/2025,Port Harcourt,Bloom Mart GRA,Home & Kitchen,Cutlery Set (24pc),4,11761,47044,Retail
BM-12033,05/12/2025,Port Harcourt,Bloom Mart Rumuola,Home & Kitchen,Electric Kettle,1,10147,10147,Retail
BM-12055,05/12/2025,Abuja,Bloom Mart Garki,Fashion & Apparel,Ankara Fabric (6yds),2,18414,36828,Retail
BM-10302,05/12/2025,Lagos,Bloom Mart Ikeja,Health & Beauty,Shea Butter Soap Pack,1,3413,3413,Retail
BM-10249,05/12/2025,Lagos,Bloom Mart Ikeja,Home & Kitchen,Storage Container Set,1,6378,6378,Retail
BM-11531,05/12/2025,Lagos,Bloom Mart Surulere,Office Supplies,A4 Paper Ream,1,5083,5083,Retail
BM-11712,05/12/2025,Lagos,Bloom Mart Lekki,Health & Beauty,Body Lotion 400ml,2,4356,8712,Wholesale
BM-11692,06/12/2025,Lagos,Bloom Mart Lekki,Electronics,Power Bank 10000mAh,1,14572,14572,Corporate
BM-10167,06/12/2025,Abuja,Bloom Mart Wuse,Home & Kitchen,Blender 1.5L,4,15139,60556,Retail
BM-10475,06/12/2025,Lagos,Bloom Mart Ikeja,Fashion & Apparel,Ankara Fabric (6yds),1,17686,17686,Retail
BM-10342,06/12/2025,Lagos,Bloom Mart Lekki,Toys & Games,Building Blocks Set,0,6723,0,Retail
BM-11226,06/12/2025,Abuja,Bloom Mart Garki,Grocery,Spaghetti Carton,1,12383,12383,Wholesale
BM-10167,06/12/2025,Abuja,Bloom Mart Wuse,Home & Kitchen,Blender 1.5L,4,15139,60556,Retail
BM-10664,06/12/2025,Lagos,Bloom Mart Ikeja,Home & Kitchen,Blender 1.5L,1,16604,16604,Retail
BM-10257,06/12/2025,Lagos,Bloom Mart Ikeja,Fashion & Apparel,Ankara Fabric (6yds),1,17237,17237,Wholesale
BM-10252,06/12/2025,Lagos,Bloom Mart Ikeja,Toys & Games,Building Blocks Set,2,6253,12506,Wholesale
BM-10244,06/12/2025,Abuja,Bloom Mart Wuse,Toys & Games,Puzzle Game,2,4062,8124,Retail
BM-10145,06/12/2025,Port Harcourt,Bloom Mart GRA,Home & Kitchen,Non-stick Frying Pan,1,8759,8759,Retail
BM-11873,07/12/2025,Abuja,,Office Supplies,Notebook Pack,1,3184,3184,Retail
BM-11232,07/12/2025,Ibadan,Bloom Mart Ring Road,Fashion & Apparel,Kids School Bag,1,8561,8561,Wholesale
BM-12087,07/12/2025,Abuja,,Home & Kitchen,Cutlery Set (24pc),1,12013,12013,Retail
BM-10651,07/12/2025,Lagos,Bloom Mart Surulere,Home & Kitchen,Non-stick Frying Pan,1,8287,8287,Wholesale
BM-10307,07/12/2025,Lagos,Bloom Mart Lekki,Electronics,Phone Charger Cable,1,2486,2486,Retail
BM-11523,07/12/2025,Lagos,Bloom Mart Surulere,Home & Kitchen,Blender 1.5L,1,16307,16307,Retail
BM-10412,07/12/2025,Port Harcourt,Bloom Mart GRA,Electronics,Power Bank 10000mAh,1,15355,15355,Wholesale
BM-11699,07/12/2025,Port Harcourt,Bloom Mart Rumuola,Fashion & Apparel,Unisex Cap,1,3210,3210,Retail
BM-10648,07/12/2025,Lagos,Bloom Mart Surulere,Office Supplies,A4 Paper Ream,1,5138,5138,Corporate
BM-10916,08/12/2025,Abuja,Bloom Mart Garki,Electronics,Phone Charger Cable,1,2494,2494,Wholesale
BM-10610,08/12/2025,Ibadan,Bloom Mart Bodija,Office Supplies,A4 Paper Ream,1,5038,5038,Wholesale
BM-11985,08/12/2025,Port Harcourt,Bloom Mart GRA,Home & Kitchen,Cutlery Set (24pc),2,12229,24458,Retail
BM-10453,08/12/2025,Lagos,Bloom Mart Surulere,Fashion & Apparel,Ladies Sandals,1,9535,9535,Wholesale
BM-10102,08/12/2025,Abuja,Bloom Mart Garki,Home & Kitchen,Blender 1.5L,1,15519,15519,Retail
BM-11254,08/12/2025,Lagos,Bloom Mart Ikeja,Fashion & Apparel,Kids School Bag,2,8517,17034,Retail
BM-10812,08/12/2025,Abuja,Bloom Mart Garki,Home & Kitchen,Electric Kettle,1,9714,9714,Retail
BM-11497,09/12/2025,Abuja,Bloom Mart Wuse,Fashion & Apparel,Kids School Bag,2,8386,16772,Retail
BM-11422,09/12/2025,Lagos,Bloom Mart Lekki,Office Supplies,Notebook Pack,1,3396,3396,Retail
BM-11789,09/12/2025,Ibadan,Bloom Mart Ring Road,Home & Kitchen,Cutlery Set (24pc),1,11553,11553,Retail
BM-12091,09/12/2025,Abuja,Bloom Mart Wuse,Home & Kitchen,Non-stick Frying Pan,2,8715,17430,Wholesale
BM-11054,09/12/2025,Ibadan,Bloom Mart Bodija,Home & Kitchen,Non-stick Frying Pan,1,8244,8244,Retail
BM-11191,10/12/2025,Port Harcourt,Bloom Mart Rumuola,Fashion & Apparel,Kids School Bag,1,8667,8667,Retail
BM-10340,10/12/2025,Lagos,Bloom Mart Lekki,Home & Kitchen,Non-stick Frying Pan,1,9159,9159,Retail
BM-10217,10/12/2025,Lagos,Bloom Mart Ikeja,Fashion & Apparel,Men's Polo Shirt,1,7233,7233,Retail
BM-12072,10/12/2025,Lagos,Bloom Mart Surulere,Home & Kitchen,Electric Kettle,2,10031,20062,Retail
BM-11672,10/12/2025,Abuja,Bloom Mart Wuse,Fashion & Apparel,Ankara Fabric (6yds),2,17779,35558,Corporate
BM-11490,10/12/2025,Ibadan,Bloom Mart Bodija,Home & Kitchen,Non-stick Frying Pan,5,8463,42315,Retail
BM-11821,10/12/2025,Lagos,Bloom Mart Surulere,Electronics,LED Desk Lamp,1,7460,7460,Corporate
BM-10984,11/12/2025,Lagos,Bloom Mart Ikeja,Home & Kitchen,Electric Kettle,1,9508,9508,Retail
BM-10165,11/12/2025,Ibadan,Bloom Mart Bodija,Grocery,Vegetable Oil 4L,2,9083,18166,Retail
BM-11455,11/12/2025,Abuja,Bloom Mart Wuse,Fashion & Apparel,Unisex Cap,4,2865,11460,Wholesale
BM-10369,11/12/2025,Ibadan,Bloom Mart Ring Road,Health & Beauty,Hair Cream,2,3631,7262,Retail
BM-10969,11/12/2025,Lagos,Bloom Mart Surulere,Electronics,Phone Charger Cable,1,2572,2572,Wholesale
BM-10773,11/12/2025,Lagos,Bloom Mart Surulere,Fashion & Apparel,Unisex Cap,1,3156,3156,Retail
BM-11676,12/12/2025,Ibadan,Bloom Mart Ring Road,Fashion & Apparel,Kids School Bag,1,8850,8850,Corporate
BM-10842,12/12/2025,Ibadan ,Bloom Mart Ring Road,Grocery,Rice 5kg Bag,1,6064,6064,Wholesale
BM-11299,12/12/2025,Port Harcourt,Bloom Mart GRA,Fashion & Apparel,Ankara Fabric (6yds),1,17610,17610,Corporate
BM-12069,12/12/2025,Lagos,Bloom Mart Surulere,Fashion & Apparel,Unisex Cap,1,2942,2942,Retail
BM-11784,12/12/2025,Lagos,Bloom Mart Lekki,Toys & Games,Building Blocks Set,1,6356,6356,Corporate
BM-11463,12/12/2025,Abuja,Bloom Mart Garki,Health & Beauty,Hair Cream,1,3817,3817,Corporate
BM-10480,13/12/2025,Ibadan,Bloom Mart Bodija,Fashion & Apparel,Ladies Sandals,2,10047,20094,Retail
BM-11016,13/12/2025,Lagos,Bloom Mart Ikeja,Electronics,Bluetooth Earphones,1,10460,10460,Retail
BM-10119,13/12/2025,Abuja,Bloom Mart Garki,Home & Kitchen,Non-stick Frying Pan,1,9009,9009,Wholesale
BM-11472,13/12/2025,Port Harcourt,Bloom Mart Rumuola,Office Supplies,Ballpoint Pens (10pk),1,1425,1425,Corporate
BM-11915,13/12/2025,Lagos,Bloom Mart Lekki,Grocery,Sugar 2kg,2,2746,5492,Retail
BM-11047,13/12/2025,Lagos,Bloom Mart Surulere,Fashion & Apparel,Ladies Sandals,1,9726,9726,Retail
BM-10810,13/12/2025,Abuja,Bloom Mart Wuse,Grocery,Tomato Paste (12pk),1,7107,7107,Retail
BM-11596,13/12/2025,Ibadan,Bloom Mart Bodija,Home & Kitchen,Storage Container Set,1,6300,6300,Retail
BM-11994,13/12/2025,Port Harcourt,Bloom Mart Rumuola,Home & Kitchen,Blender 1.5L,1,14843,14843,Retail
BM-10905,13/12/2025,Abuja,Bloom Mart Wuse,electronics ,Bluetooth Earphones,3,11853,35559,Retail
BM-10112,14/12/2025,Lagos,Bloom Mart Ikeja,Office Supplies,A4 Paper Ream,1,4905,4905,Retail
BM-11898,14/12/2025,Lagos,Bloom Mart Surulere,Home & Kitchen,Non-stick Frying Pan,2,8951,17902,Wholesale
BM-10686,14/12/2025,Lagos,Bloom Mart Lekki,Grocery,Rice 5kg Bag,2,6196,12392,Corporate
BM-10481,14/12/2025,Lagos,Bloom Mart Ikeja,Grocery,Spaghetti Carton,1,11976,11976,Corporate
BM-10516,14/12/2025,Ibadan,Bloom Mart Ring Road,Fashion & Apparel,Kids School Bag,1,8343,8343,Wholesale
BM-10227,14/12/2025,Abuja,Bloom Mart Garki,Electronics,Extension Socket,1,5980,5980,Retail
BM-11020,14/12/2025,Abuja,Bloom Mart Wuse,Home & Kitchen,Electric Kettle,1,9792,9792,Retail
BM-10019,14/12/2025,Lagos,Bloom Mart Ikeja,Fashion & Apparel,Unisex Cap,1,3215,3215,Retail
BM-10640,14/12/2025,Port Harcourt,Bloom Mart GRA,Grocery,Rice 5kg Bag,1,6144,6144,Corporate
BM-11962,15/12/2025,Ibadan,Bloom Mart Ring Road,Fashion & Apparel,Kids School Bag,2,8250,16500,Wholesale
BM-11486,15/12/2025,Lagos,Bloom Mart Lekki,Fashion & Apparel,Ankara Fabric (6yds),1,18654,18654,Corporate
BM-10400,15/12/2025,Abuja,Bloom Mart Wuse,Health & Beauty,Shea Butter Soap Pack,1,3578,3578,Corporate
BM-11693,15/12/2025,Abuja,Bloom Mart Garki,Fashion & Apparel,Ankara Fabric (6yds),1,18553,18553,Wholesale
BM-11132,15/12/2025,Port Harcourt,Bloom Mart Rumuola,Fashion & Apparel,Men's Polo Shirt,2,6900,13800,Retail
BM-10890,15/12/2025,Abuja,Bloom Mart Garki,Grocery,Tomato Paste (12pk),2,6946,13892,Corporate
BM-11220,15/12/2025,Abuja,Bloom Mart Garki,Home & Kitchen,Blender 1.5L,1,16521,16521,Corporate
BM-11147,16/12/2025,Lagos,Bloom Mart Surulere,Home & Kitchen,Storage Container Set,2,6899,13798,Retail
BM-10944,16/12/2025,Lagos,Bloom Mart Surulere,Electronics,Phone Charger Cable,2,2682,5364,Wholesale
BM-11197,16/12/2025,Lagos,Bloom Mart Ikeja,Grocery,Spaghetti Carton,1,12165,12165,Wholesale
BM-11042,16/12/2025,Lagos,Bloom Mart Lekki,Grocery,Rice 5kg Bag,2,6386,12772,Retail
BM-10733,16/12/2025,Lagos,Bloom Mart Ikeja,Home & Kitchen,Non-stick Frying Pan,1,8284,8284,Retail
BM-11921,16/12/2025,Port Harcourt,Bloom Mart GRA,Grocery,Spaghetti Carton,1,12366,12366,Corporate
BM-11862,16/12/2025,Ibadan,Bloom Mart Ring Road,Grocery,Sugar 2kg,2,2624,5248,Retail
BM-10944,16/12/2025,Lagos,Bloom Mart Surulere,Electronics,Phone Charger Cable,2,2682,5364,Wholesale
BM-10754,16/12/2025,Abuja,Bloom Mart Wuse,Fashion & Apparel,Unisex Cap,1,2997,2997,Wholesale
BM-11312,16/12/2025,Lagos,Bloom Mart Lekki,Home & Kitchen,Storage Container Set,2,6367,12734,Retail
BM-11560,17/12/2025,Lagos,Bloom Mart Surulere,Office Supplies,A4 Paper Ream,1,4674,4674,Retail
BM-10650,17/12/2025,Ibadan,Bloom Mart Bodija,Grocery,Spaghetti Carton,1,11728,11728,Retail
BM-10447,17/12/2025,Port Harcourt,Bloom Mart GRA,Grocery,Spaghetti Carton,2,11659,23318,Wholesale
BM-11298,17/12/2025,Port Harcourt,Bloom Mart Rumuola,Fashion & Apparel,Ankara Fabric (6yds),3,17997,53991,Retail
BM-11589,17/12/2025,Port Harcourt,Bloom Mart GRA,Electronics,LED Desk Lamp,1,7933,7933,Wholesale
BM-10979,17/12/2025,Abuja,Bloom Mart Wuse,Toys & Games,Puzzle Game,1,4115,4115,Wholesale
BM-11013,17/12/2025,Abuja,Bloom Mart Wuse,Fashion & Apparel,Kids School Bag,1,8254,8254,Corporate
BM-11394,17/12/2025,Abuja,Bloom Mart Wuse,Electronics,Power Bank 10000mAh,1,14584,14584,Retail
BM-11796,18/12/2025,Port Harcourt,Bloom Mart GRA,Electronics,Power Bank 10000mAh,2,14001,28002,Retail
BM-11192,18/12/2025,Abuja,Bloom Mart Garki,Home & Kitchen,Electric Kettle,1,9877,9877,Retail
BM-12053,18/12/2025,Lagos,Bloom Mart Surulere,Fashion & Apparel,Kids School Bag,2,8595,17190,Wholesale
BM-11391,18/12/2025,Lagos,Bloom Mart Ikeja,Health & Beauty,Toothpaste (3pk),2,2219,4438,Corporate
BM-10657,18/12/2025,Lagos,Bloom Mart Surulere,Home & Kitchen,Cutlery Set (24pc),1,11667,11667,Retail
BM-10164,18/12/2025,Lagos,Bloom Mart Ikeja,Health & Beauty,Body Lotion 400ml,4,4443,17772,Wholesale
BM-10155,18/12/2025,Port Harcourt,Bloom Mart GRA,Home & Kitchen,Storage Container Set,1,6917,6917,Retail
BM-12057,18/12/2025,Abuja,Bloom Mart Garki,Fashion & Apparel,Kids School Bag,1,8789,8789,Retail
BM-10495,18/12/2025,Abuja,Bloom Mart Garki,Toys & Games,Building Blocks Set,1,6841,6841,Retail
BM-10025,19/12/2025,Abuja,Bloom Mart Wuse,Office Supplies,Notebook Pack,2,3234,6468,Corporate
BM-10025,19/12/2025,Abuja,Bloom Mart Wuse,Office Supplies,Notebook Pack,2,3234,6468,Corporate
BM-10831,19/12/2025,Port Harcourt,Bloom Mart GRA,Grocery,Sugar 2kg,1,2682,2682,Retail
BM-11235,19/12/2025,Lagos,Bloom Mart Lekki,Home & Kitchen,Storage Container Set,1,6787,6787,Retail
BM-10828,19/12/2025,Abuja,Bloom Mart Garki,Fashion & Apparel,Ladies Sandals,1,9614,9614,Wholesale
BM-11162,19/12/2025,Lagos,Bloom Mart Lekki,Home & Kitchen,Electric Kettle,2,9518,19036,Retail
BM-10936,20/12/2025,Lagos,Bloom Mart Ikeja,Home & Kitchen,Cutlery Set (24pc),1,12341,12341,Wholesale
BM-11885,20/12/2025,Lagos,Bloom Mart Surulere,Fashion & Apparel,Kids School Bag,4,8713,34852,Retail
BM-10004,20/12/2025,Ibadan,Bloom Mart Bodija,Electronics,Bluetooth Earphones,1,10720,10720,Retail
BM-10873,20/12/2025,Lagos,Bloom Mart Ikeja,Electronics,Phone Charger Cable,2,2443,4886,Retail
BM-12009,20/12/2025,Port Harcourt,Bloom Mart Rumuola,Grocery,Rice 5kg Bag,1,6686,6686,Corporate
BM-10835,20/12/2025,Lagos,Bloom Mart Surulere,Home & Kitchen,Cutlery Set (24pc),5,12263,61315,Retail
BM-11713,20/12/2025,Port Harcourt,Bloom Mart GRA,Fashion & Apparel,Unisex Cap,1,3086,3086,Retail
BM-10775,20/12/2025,Lagos,Bloom Mart Ikeja,Home & Kitchen,Storage Container Set,5,6464,32320,Retail
BM-10230,21/12/2025,Port Harcourt,Bloom Mart GRA,Home & Kitchen,Non-stick Frying Pan,1,8753,8753,Corporate
BM-11199,21/12/2025,Lagos,Bloom Mart Surulere,Home & Kitchen,Cutlery Set (24pc),3,12602,37806,Corporate
BM-11871,21/12/2025,Abuja,Bloom Mart Garki,Home & Kitchen,Cutlery Set (24pc),1,11477,11477,Retail
BM-10620,22/12/2025,Port Harcourt,Bloom Mart GRA,Electronics,Phone Charger Cable,1,2551,2551,Wholesale
BM-10954,22/12/2025,Port Harcourt,Bloom Mart GRA,Home & Kitchen,Storage Container Set,2,6975,13950,Corporate
BM-11474,22/12/2025,Lagos,Bloom Mart Ikeja,Fashion & Apparel,Unisex Cap,1,2857,2857,Retail
BM-11572,22/12/2025,Lagos,,Health & Beauty,Body Lotion 400ml,5,4300,21500,Corporate
BM-11241,22/12/2025,Abuja,Bloom Mart Garki,Home & Kitchen,Cutlery Set (24pc),2,11791,23582,Wholesale
BM-10527,22/12/2025,Ibadan,Bloom Mart Ring Road,Grocery,Vegetable Oil 4L,1,8841,8841,Retail
BM-11000,22/12/2025,Lagos,Bloom Mart Ikeja,Electronics,LED Desk Lamp,1,7777,7777,Retail
BM-11895,22/12/2025, Lagos,Bloom Mart Surulere,Home & Kitchen,Cutlery Set (24pc),1,11877,11877,Corporate
BM-11290,22/12/2025,Ibadan,Bloom Mart Ring Road,home & kitchen ,Electric Kettle,5,9347,46735,Corporate
BM-10501,23/12/2025,Lagos,Bloom Mart Ikeja,Home & Kitchen,Blender 1.5L,1,15398,15398,Retail
BM-11118,23/12/2025,Abuja,Bloom Mart Wuse,Home & Kitchen,Blender 1.5L,1,15134,15134,Retail
BM-12082,23/12/2025,Abuja,Bloom Mart Wuse,Fashion & Apparel,Ankara Fabric (6yds),1,18246,18246,Wholesale
BM-10801,23/12/2025,Lagos,Bloom Mart Lekki,Fashion & Apparel,Ankara Fabric (6yds),1,17876,17876,Wholesale
BM-11546,23/12/2025,Abuja,Bloom Mart Garki,Home & Kitchen,Blender 1.5L,1,15017,15017,Corporate
BM-11410,23/12/2025,Lagos,Bloom Mart Surulere,Grocery,Rice 5kg Bag,1,6282,6282,Retail
BM-10806,23/12/2025,Abuja,Bloom Mart Garki,Electronics,Extension Socket,1,6127,6127,Retail
BM-11182,23/12/2025,Lagos,Bloom Mart Ikeja,Home & Kitchen,Non-stick Frying Pan,1,8760,8760,Retail
BM-11571,23/12/2025,Abuja,Bloom Mart Garki,Fashion & Apparel,Ankara Fabric (6yds),5,17108,85540,Retail
BM-11067,23/12/2025,Lagos,Bloom Mart Surulere,Electronics,Bluetooth Earphones,1,10708,10708,Corporate
BM-11849,23/12/2025,Ibadan,Bloom Mart Ring Road,Electronics,Power Bank 10000mAh,1,13893,13893,Corporate
BM-11763,23/12/2025,Lagos,Bloom Mart Lekki,Grocery,Sugar 2kg,2,2589,5178,Wholesale
BM-10760,23/12/2025,Lagos,Bloom Mart Surulere,Home & Kitchen,Cutlery Set (24pc),1,11897,11897,Wholesale
BM-11604,23/12/2025,Lagos,Bloom Mart Surulere,Electronics,Phone Charger Cable,5,2636,13180,Retail
BM-12080,24/12/2025,lagos,Bloom Mart Ikeja,Fashion & Apparel,Kids School Bag,2,8463,16926,Corporate
BM-10719,24/12/2025,Port Harcourt,Bloom Mart GRA,Home & Kitchen,Electric Kettle,2,10060,20120,Corporate
BM-10946,24/12/2025,Port Harcourt,Bloom Mart Rumuola,Home & Kitchen,Storage Container Set,2,6536,13072,Corporate
BM-10051,24/12/2025,Lagos,Bloom Mart Lekki,Grocery,Vegetable Oil 4L,1,9117,9117,Wholesale
BM-11390,25/12/2025,Abuja,Bloom Mart Garki,Fashion & Apparel,Ladies Sandals,1,9404,9404,Retail
BM-10241,25/12/2025,Port Harcourt,Bloom Mart Rumuola,Electronics,Extension Socket,1,5814,5814,Retail
BM-10997,25/12/2025,Abuja,Bloom Mart Garki,Grocery,Spaghetti Carton,1,11099,11099,Retail
BM-10869,26/12/2025,Abuja,Bloom Mart Garki,home & kitchen ,Electric Kettle,1,9819,9819,Corporate
BM-11912,26/12/2025,Abuja,Bloom Mart Wuse,Health & Beauty,Shea Butter Soap Pack,4,3375,13500,Retail
BM-10070,26/12/2025,Port Harcourt,Bloom Mart GRA,Grocery,Sugar 2kg,1,2587,2587,Wholesale
BM-10496,26/12/2025,Abuja,Bloom Mart Garki,Health & Beauty,Body Lotion 400ml,2,4059,8118,Wholesale
BM-10341,27/12/2025,Abuja,Bloom Mart Garki,Toys & Games,Building Blocks Set,1,6701,6701,Retail
BM-10374,27/12/2025,Abuja,Bloom Mart Wuse,Grocery,Spaghetti Carton,1,11938,11938,Corporate
BM-10566,28/12/2025,Abuja,Bloom Mart Garki,Office Supplies,A4 Paper Ream,3,4874,14622,Retail
BM-11863,28/12/2025,Lagos,Bloom Mart Ikeja,Electronics,LED Desk Lamp,1,7697,7697,Retail
BM-10324,28/12/2025,Ibadan,Bloom Mart Ring Road,Grocery,Vegetable Oil 4L,2,8511,17022,Corporate
BM-10137,28/12/2025,Lagos,Bloom Mart Surulere,Grocery,Rice 5kg Bag,2,6206,12412,Retail
BM-11916,29/12/2025,Port Harcourt,Bloom Mart GRA,Grocery,Rice 5kg Bag,1,5991,5991,Retail
BM-10886,29/12/2025,Lagos,Bloom Mart Surulere,Fashion & Apparel,Unisex Cap,1,3174,3174,Corporate
BM-10529,29/12/2025,Abuja,Bloom Mart Garki,Health & Beauty,Toothpaste (3pk),1,2171,2171,Retail
BM-12031,29/12/2025,Lagos,Bloom Mart Lekki,Home & Kitchen,Blender 1.5L,1,15589,15589,Corporate
BM-11376,29/12/2025,Lagos,Bloom Mart Surulere,Home & Kitchen,Blender 1.5L,1,15517,15517,Wholesale
BM-10917,29/12/2025,Abuja,Bloom Mart Garki,Office Supplies,Ballpoint Pens (10pk),1,1516,1516,Retail
BM-10310,29/12/2025,Ibadan,Bloom Mart Bodija,Grocery,Vegetable Oil 4L,3,8978,26934,Wholesale
BM-10301,30/12/2025,Abuja,Bloom Mart Wuse,Fashion & Apparel,Kids School Bag,1,8988,8988,Wholesale
BM-11829,30/12/2025,Abuja,Bloom Mart Wuse,Grocery,Spaghetti Carton,1,11953,11953,Corporate
BM-11074,30/12/2025,Abuja,Bloom Mart Wuse,Health & Beauty,Toothpaste (3pk),1,2245,2245,Corporate
BM-12016,30/12/2025,Lagos,Bloom Mart Lekki,Fashion & Apparel,Men's Polo Shirt,1,7532,7532,Corporate
BM-10556,30/12/2025,Ibadan,Bloom Mart Ring Road,Electronics,Power Bank 10000mAh,2,15389,30778,Retail
BM-10146,30/12/2025,Abuja,Bloom Mart Wuse,Electronics,Bluetooth Earphones,1,11806,11806,Retail
BM-10918,30/12/2025,Port Harcourt,Bloom Mart GRA,Electronics,LED Desk Lamp,2,7148,14296,Corporate
BM-10849,31/12/2025,Lagos,Bloom Mart Surulere,Electronics,Extension Socket,1,5937,5937,Corporate
BM-10260,31/12/2025,Lagos,Bloom Mart Surulere,Health & Beauty,Shea Butter Soap Pack,1,3744,3744,Retail
BM-10390,31/12/2025,Lagos,Bloom Mart Surulere,Home & Kitchen,Storage Container Set,1,6196,6196,Retail
BM-11303,31/12/2025,Lagos,Bloom Mart Lekki,Health & Beauty,Hair Cream,1,3963,3963,Wholesale
BM-11272,31/12/2025,Port-Harcourt,Bloom Mart Rumuola,Fashion & Apparel,Ankara Fabric (6yds),1,19197,19197,Wholesale
BM-11400,31/12/2025,Port Harcourt,Bloom Mart GRA,Grocery,Vegetable Oil 4L,1,8729,8729,Wholesale
BM-11272,31/12/2025,Port-Harcourt,Bloom Mart Rumuola,Fashion & Apparel,Ankara Fabric (6yds),1,19197,19197,Wholesale
BM-10328,31/12/2025,Ibadan,Bloom Mart Bodija,Home & Kitchen,Cutlery Set (24pc),1,11585,11585,Retail
BM-11719,31/12/2025,Port Harcourt,Bloom Mart Rumuola,Grocery,Rice 5kg Bag,1,6426,6426,Retail
BM-11888,31/12/2025,Ibadan,Bloom Mart Bodija,Fashion & Apparel,Men's Polo Shirt,1,7406,7406,Corporate
BM-10046,31/12/2025,Lagos,Bloom Mart Lekki,Grocery,Tomato Paste (12pk),1,7679,7679,Retail
BM-11416,31/12/2025,Port Harcourt,Bloom Mart Rumuola,Grocery,Vegetable Oil 4L,1,8981,8981,Retail
BM-11457,31/12/2025,Ibadan,Bloom Mart Bodija,Home & Kitchen,Cutlery Set (24pc),1,11640,11640,Retail
